userid,store,rating
2,미영이네식당,4.0
5,미영이네식당,4.0
7,미영이네식당,5.0
9,미영이네식당,5.0
3,상춘재,5.0
5,상춘재,4.0
6,상춘재,1.0
7,상춘재,1.0
8,상춘재,3.0
1,남양수산,4.0
3,남양수산,5.0
4,남양수산,4.0
6,남양수산,2.0
8,남양수산,4.0
9,남양수산,4.0
10,남양수산,5.0
1,연리지가든,1.0
4,연리지가든,1.0
5,연리지가든,3.0
7,연리지가든,5.0
8,연리지가든,5.0
10,연리지가든,4.0
1,숙성도,2.0
2,숙성도,3.0
4,숙성도,3.0
5,숙성도,3.0
6,숙성도,5.0
8,숙성도,1.0
1,곰막,3.0
2,곰막,4.0
3,곰막,3.0
10,곰막,4.0
4,선흘곶,2.0
5,선흘곶,2.0
7,선흘곶,4.0
8,선흘곶,2.0
9,선흘곶,2.0
10,선흘곶,5.0
4,제주선채향,2.0
5,제주선채향,2.0
6,제주선채향,5.0
7,제주선채향,1.0
9,제주선채향,3.0
10,제주선채향,2.0
2,중문수두리보말칼국수,3.0
4,중문수두리보말칼국수,5.0
5,중문수두리보말칼국수,3.0
7,중문수두리보말칼국수,4.0
1,숙성도,4.0
3,숙성도,5.0
6,숙성도,1.0
7,숙성도,5.0
10,숙성도,1.0
3,표선어촌식당,4.0
5,표선어촌식당,1.0
9,표선어촌식당,3.0
10,표선어촌식당,1.0
3,큰돈가,2.0
4,큰돈가,3.0
6,큰돈가,1.0
7,큰돈가,5.0
4,복집식당,4.0
6,복집식당,2.0
7,복집식당,5.0
9,복집식당,1.0
3,코시롱,2.0
6,코시롱,1.0
7,코시롱,3.0
10,코시롱,1.0
1,우진해장국,4.0
2,우진해장국,4.0
3,우진해장국,5.0
4,우진해장국,5.0
5,우진해장국,2.0
6,우진해장국,4.0
7,우진해장국,5.0
9,우진해장국,2.0
10,우진해장국,4.0
1,피어22,4.0
3,피어22,4.0
5,피어22,1.0
7,피어22,2.0
8,피어22,1.0
9,피어22,1.0
5,일통이반,3.0
7,일통이반,5.0
8,일통이반,5.0
10,일통이반,4.0
2,천짓골식당,5.0
4,천짓골식당,4.0
5,천짓골식당,1.0
6,천짓골식당,5.0
7,천짓골식당,3.0
8,천짓골식당,2.0
9,천짓골식당,4.0
1,맛나식당,2.0
4,섭지코지로,5.0
7,섭지코지로,4.0
8,섭지코지로,4.0
9,섭지코지로,1.0
10,섭지코지로,5.0
1,상원가든,4.0
2,상원가든,4.0
3,상원가든,2.0
5,상원가든,5.0
6,상원가든,4.0
8,상원가든,1.0
9,상원가든,3.0
1,넉둥베기,5.0
3,넉둥베기,3.0
5,넉둥베기,3.0
9,넉둥베기,4.0
10,넉둥베기,3.0
1,육고깃집,5.0
3,육고깃집,5.0
6,육고깃집,5.0
7,육고깃집,1.0
1,오롯,3.0
3,오롯,3.0
4,오롯,4.0
5,오롯,4.0
6,오롯,5.0
9,오롯,5.0
4,운산식당,1.0
5,운산식당,3.0
9,운산식당,4.0
10,운산식당,5.0
2,광명식당,2.0
3,광명식당,3.0
5,광명식당,2.0
8,광명식당,1.0
9,광명식당,2.0
2,동선제면가,5.0
3,동선제면가,2.0
6,동선제면가,2.0
9,동선제면가,4.0
1,제주돈아,4.0
3,제주돈아,5.0
5,제주돈아,4.0
6,제주돈아,3.0
7,제주돈아,3.0
9,제주돈아,3.0
1,풀사이드바,5.0
2,풀사이드바,5.0
9,풀사이드바,5.0
10,풀사이드바,3.0
1,영해식당,4.0
2,영해식당,4.0
3,영해식당,2.0
4,영해식당,4.0
5,영해식당,1.0
9,영해식당,1.0
10,영해식당,5.0
1,해왓,3.0
2,해왓,4.0
7,해왓,5.0
9,해왓,4.0
10,해왓,5.0
5,만선바다,5.0
6,만선바다,5.0
8,만선바다,5.0
9,만선바다,3.0
1,낭푼밥상,5.0
2,낭푼밥상,5.0
3,낭푼밥상,2.0
4,낭푼밥상,4.0
5,낭푼밥상,5.0
6,낭푼밥상,4.0
9,낭푼밥상,2.0
10,낭푼밥상,2.0
1,논짓물,5.0
3,논짓물,4.0
4,논짓물,5.0
5,논짓물,4.0
8,논짓물,2.0
10,논짓물,5.0
5,명진전복,1.0
7,명진전복,3.0
8,명진전복,2.0
1,국수만찬,1.0
4,국수만찬,1.0
5,국수만찬,1.0
6,국수만찬,1.0
7,국수만찬,5.0
8,국수만찬,3.0
1,칠돈가,5.0
3,칠돈가,4.0
4,칠돈가,3.0
5,칠돈가,1.0
8,칠돈가,2.0
10,칠돈가,5.0
1,그리운바다성산포,3.0
2,그리운바다성산포,4.0
3,그리운바다성산포,2.0
4,그리운바다성산포,5.0
5,그리운바다성산포,2.0
7,그리운바다성산포,1.0
9,그리운바다성산포,2.0
6,해심가든 ,5.0
9,해심가든 ,4.0
10,해심가든 ,3.0
1,김희선몸국,5.0
4,김희선몸국,5.0
5,김희선몸국,3.0
8,김희선몸국,5.0
10,김희선몸국,3.0
2,금박돈,5.0
3,금박돈,3.0
8,금박돈,5.0
10,금박돈,4.0
1,화성식당,3.0
2,화성식당,3.0
4,화성식당,3.0
6,화성식당,3.0
7,화성식당,3.0
10,화성식당,3.0
1,대포칼제비,2.0
3,대포칼제비,3.0
4,대포칼제비,5.0
8,대포칼제비,2.0
9,대포칼제비,4.0
1,선흘방주할머니식당,5.0
2,선흘방주할머니식당,3.0
3,선흘방주할머니식당,5.0
4,선흘방주할머니식당,3.0
6,선흘방주할머니식당,1.0
7,선흘방주할머니식당,4.0
8,선흘방주할머니식당,2.0
10,선흘방주할머니식당,4.0
1,범일분식,4.0
3,범일분식,1.0
4,범일분식,3.0
7,범일분식,5.0
8,범일분식,5.0
3,가스름식당,5.0
4,가스름식당,2.0
5,가스름식당,5.0
6,가스름식당,1.0
7,가스름식당,5.0
9,가스름식당,2.0
1,순창갈비,3.0
4,순창갈비,1.0
5,순창갈비,1.0
6,순창갈비,1.0
8,순창갈비,1.0
2,은갈치김밥,2.0
8,은갈치김밥,2.0
9,은갈치김밥,1.0
1,그옛맛,4.0
2,그옛맛,4.0
5,그옛맛,5.0
7,그옛맛,5.0
1,으뜨미,1.0
2,으뜨미,5.0
4,으뜨미,3.0
6,으뜨미,4.0
8,으뜨미,1.0
1,원담,5.0
3,원담,5.0
4,원담,3.0
5,원담,4.0
9,원담,2.0
6,감성돈,3.0
7,감성돈,3.0
9,감성돈,5.0
2,88돼지,4.0
4,88돼지,5.0
7,88돼지,2.0
10,88돼지,1.0
2,춘심이네,5.0
4,춘심이네,2.0
5,춘심이네,4.0
8,춘심이네,5.0
10,춘심이네,5.0
1,만선식당,5.0
3,만선식당,2.0
4,만선식당,5.0
5,만선식당,2.0
6,만선식당,3.0
2,오는정김밥,4.0
3,오는정김밥,3.0
7,오는정김밥,4.0
8,오는정김밥,3.0
1,뽈살집,1.0
6,뽈살집,5.0
7,뽈살집,3.0
9,뽈살집,1.0
4,포도호텔레스토랑,5.0
6,포도호텔레스토랑,1.0
10,포도호텔레스토랑,1.0
3,물항식당,5.0
8,물항식당,1.0
2,솔지식당,5.0
3,솔지식당,5.0
7,솔지식당,5.0
9,솔지식당,5.0
1,민경이네어등포해녀촌,1.0
2,민경이네어등포해녀촌,1.0
6,민경이네어등포해녀촌,3.0
7,민경이네어등포해녀촌,4.0
9,민경이네어등포해녀촌,2.0
10,민경이네어등포해녀촌,1.0
1,낭뜰에쉼팡,5.0
2,낭뜰에쉼팡,5.0
7,낭뜰에쉼팡,4.0
2,웅담식당,3.0
3,웅담식당,4.0
6,웅담식당,2.0
8,웅담식당,2.0
9,웅담식당,1.0
1,바다를본돼지,1.0
3,바다를본돼지,4.0
5,바다를본돼지,1.0
8,바다를본돼지,5.0
2,금능낙원,2.0
3,금능낙원,4.0
4,금능낙원,4.0
6,금능낙원,1.0
7,금능낙원,5.0
8,금능낙원,4.0
10,금능낙원,2.0
1,산지해장국,2.0
2,산지해장국,5.0
3,산지해장국,2.0
5,산지해장국,2.0
6,산지해장국,5.0
10,산지해장국,1.0
2,3대해녀의집,1.0
3,3대해녀의집,3.0
5,3대해녀의집,5.0
6,3대해녀의집,1.0
8,3대해녀의집,3.0
1,올래국수,1.0
2,올래국수,5.0
3,올래국수,2.0
4,올래국수,3.0
5,올래국수,3.0
6,올래국수,4.0
9,올래국수,5.0
10,올래국수,2.0
1,연동마라도,4.0
2,연동마라도,4.0
4,연동마라도,3.0
5,연동마라도,4.0
6,연동마라도,3.0
9,연동마라도,2.0
2,돈사돈,5.0
4,돈사돈,3.0
5,돈사돈,2.0
6,돈사돈,5.0
7,돈사돈,3.0
8,돈사돈,4.0
10,돈사돈,4.0
2,만세국수,5.0
3,만세국수,4.0
7,만세국수,4.0
9,만세국수,5.0
10,만세국수,1.0
2,은희네해장국,1.0
4,은희네해장국,2.0
5,은희네해장국,1.0
7,은희네해장국,2.0
8,은희네해장국,3.0
10,은희네해장국,2.0
2,문개항아리,3.0
6,문개항아리,5.0
7,문개항아리,5.0
3,골막식당,3.0
5,골막식당,1.0
8,골막식당,1.0
9,골막식당,4.0
3,어우늘,1.0
7,어우늘,1.0
8,어우늘,3.0
10,어우늘,1.0
1,더꽃돈,2.0
2,더꽃돈,3.0
3,더꽃돈,4.0
4,더꽃돈,2.0
5,더꽃돈,4.0
6,더꽃돈,2.0
8,더꽃돈,5.0
10,더꽃돈,3.0
4,다소니,5.0
5,다소니,4.0
6,다소니,5.0
7,다소니,2.0
8,다소니,3.0
9,다소니,3.0
10,다소니,1.0
1,춘미향식당,1.0
2,춘미향식당,5.0
5,춘미향식당,1.0
6,춘미향식당,2.0
7,춘미향식당,5.0
9,춘미향식당,4.0
10,춘미향식당,3.0
4,남춘식당,3.0
7,남춘식당,4.0
8,남춘식당,2.0
4,고이정,5.0
6,고이정,1.0
7,고이정,4.0
1,효퇴국수국밥,1.0
6,효퇴국수국밥,2.0
8,효퇴국수국밥,1.0
9,효퇴국수국밥,4.0
3,신설오름포장마차,4.0
7,신설오름포장마차,5.0
8,신설오름포장마차,2.0
9,신설오름포장마차,2.0
1,평대스낵 (휴업중),1.0
4,평대스낵 (휴업중),1.0
6,평대스낵 (휴업중),1.0
7,평대스낵 (휴업중),5.0
8,평대스낵 (휴업중),1.0
9,평대스낵 (휴업중),4.0
1,톰톰카레,5.0
3,톰톰카레,5.0
6,톰톰카레,4.0
8,톰톰카레,1.0
9,톰톰카레,2.0
6,한치앞도모를바다,4.0
9,한치앞도모를바다,4.0
10,한치앞도모를바다,2.0
1,부두식당,4.0
3,부두식당,3.0
7,부두식당,2.0
10,부두식당,2.0
1,삼일식당,2.0
2,삼일식당,5.0
3,삼일식당,4.0
5,삼일식당,4.0
7,삼일식당,2.0
8,삼일식당,4.0
1,난드르바당,4.0
2,난드르바당,3.0
3,난드르바당,4.0
4,난드르바당,1.0
9,난드르바당,4.0
10,난드르바당,2.0
1,부뚜막식당,2.0
4,부뚜막식당,3.0
5,부뚜막식당,4.0
8,부뚜막식당,4.0
1,흑돼지BBQ,1.0
4,흑돼지BBQ,5.0
5,흑돼지BBQ,2.0
6,흑돼지BBQ,3.0
7,흑돼지BBQ,1.0
8,흑돼지BBQ,5.0
9,흑돼지BBQ,5.0
10,흑돼지BBQ,2.0
1,옥돔식당,4.0
2,옥돔식당,2.0
4,옥돔식당,1.0
9,옥돔식당,1.0
2,우도해광식당,2.0
4,우도해광식당,1.0
8,우도해광식당,3.0
10,우도해광식당,4.0
1,우리수산,2.0
3,우리수산,2.0
6,우리수산,2.0
7,우리수산,5.0
9,우리수산,5.0
10,우리수산,1.0
4,꽃가람,1.0
6,꽃가람,4.0
7,꽃가람,1.0
8,꽃가람,5.0
1,뚱보아저씨,2.0
5,뚱보아저씨,3.0
6,뚱보아저씨,4.0
10,뚱보아저씨,5.0
1,디앤디파트먼트 제주,2.0
3,디앤디파트먼트 제주,5.0
4,디앤디파트먼트 제주,1.0
5,디앤디파트먼트 제주,1.0
6,디앤디파트먼트 제주,3.0
9,디앤디파트먼트 제주,2.0
10,디앤디파트먼트 제주,4.0
3,제주순메밀막국수,1.0
8,제주순메밀막국수,5.0
9,제주순메밀막국수,4.0
2,제주촌집,3.0
5,제주촌집,2.0
7,제주촌집,1.0
8,제주촌집,3.0
2,자매국수,3.0
4,자매국수,5.0
6,자매국수,4.0
8,자매국수,5.0
2,가시아방국수,3.0
10,가시아방국수,4.0
1,송림반점,2.0
3,송림반점,1.0
6,송림반점,2.0
7,송림반점,5.0
9,송림반점,1.0
1,천일만두,1.0
2,천일만두,3.0
3,천일만두,3.0
6,천일만두,2.0
8,천일만두,1.0
9,천일만두,4.0
2,미친부엌,2.0
4,미친부엌,2.0
7,미친부엌,2.0
9,미친부엌,4.0
7,원조마라도짜장면집,5.0
8,원조마라도짜장면집,1.0
9,원조마라도짜장면집,3.0
10,원조마라도짜장면집,5.0
2,섬소나이,2.0
3,섬소나이,5.0
4,섬소나이,3.0
6,섬소나이,1.0
7,섬소나이,2.0
8,섬소나이,1.0
9,섬소나이,4.0
10,섬소나이,4.0
1,홍성방,5.0
3,홍성방,1.0
4,홍성방,5.0
6,홍성방,5.0
8,홍성방,2.0
1,짬뽕에취한날,2.0
3,짬뽕에취한날,2.0
9,짬뽕에취한날,1.0
2,아서원,3.0
4,아서원,3.0
5,아서원,5.0
7,아서원,3.0
8,아서원,5.0
9,아서원,4.0
10,아서원,3.0
4,르쉬느아,3.0
6,르쉬느아,4.0
8,르쉬느아,5.0
9,르쉬느아,3.0
10,르쉬느아,3.0
2,보영반점,3.0
3,보영반점,4.0
4,보영반점,4.0
5,보영반점,1.0
9,보영반점,1.0
1,대구반점,3.0
2,대구반점,5.0
4,대구반점,4.0
5,대구반점,4.0
7,대구반점,4.0
9,대구반점,5.0
10,대구반점,5.0
2,유일반점,2.0
8,유일반점,1.0
9,유일반점,4.0
1,임성반점,3.0
2,임성반점,2.0
3,임성반점,4.0
8,임성반점,1.0
1,딤섬 9898,4.0
5,딤섬 9898,5.0
8,딤섬 9898,1.0
10,딤섬 9898,1.0
3,덕성원,4.0
8,덕성원,5.0
10,덕성원,5.0
2,해신짬뽕,2.0
4,해신짬뽕,4.0
6,해신짬뽕,3.0
1,소리원,1.0
2,소리원,2.0
4,소리원,4.0
6,소리원,4.0
7,소리원,1.0
8,소리원,4.0
9,소리원,4.0
10,소리원,2.0
2,고래배꼽,4.0
3,고래배꼽,3.0
4,고래배꼽,2.0
5,고래배꼽,1.0
9,고래배꼽,3.0
10,고래배꼽,1.0
2,샤오츠,1.0
3,샤오츠,1.0
4,샤오츠,1.0
6,샤오츠,5.0
10,샤오츠,1.0
2,아주반점,5.0
4,아주반점,4.0
9,아주반점,3.0
10,아주반점,2.0
1,만사성,2.0
2,만사성,4.0
4,만사성,5.0
6,만사성,3.0
7,만사성,2.0
9,만사성,3.0
2,금성문,2.0
4,금성문,2.0
5,금성문,3.0
7,금성문,3.0
8,금성문,2.0
9,금성문,5.0
10,금성문,5.0
1,다래향,1.0
4,다래향,5.0
2,키다리아저씨엔윤식당,2.0
4,키다리아저씨엔윤식당,4.0
7,키다리아저씨엔윤식당,4.0
8,키다리아저씨엔윤식당,2.0
10,키다리아저씨엔윤식당,2.0
1,연화반점,3.0
5,연화반점,5.0
8,연화반점,2.0
1,산호반점,5.0
5,산호반점,3.0
6,산호반점,3.0
8,산호반점,1.0
10,산호반점,4.0
1,수타명가,2.0
3,수타명가,4.0
4,수타명가,4.0
5,수타명가,1.0
6,수타명가,2.0
8,수타명가,4.0
9,수타명가,4.0
2,론푸드차이나,4.0
3,론푸드차이나,4.0
4,론푸드차이나,4.0
8,론푸드차이나,5.0
1,덕성원,5.0
5,덕성원,5.0
6,덕성원,1.0
9,덕성원,1.0
10,덕성원,1.0
1,이루후제,2.0
2,이루후제,4.0
8,이루후제,4.0
10,이루후제,2.0
2,강쉐프짬뽕,5.0
3,강쉐프짬뽕,3.0
2,고고짬뽕,5.0
4,고고짬뽕,2.0
6,고고짬뽕,5.0
8,고고짬뽕,3.0
5,팍차이나,2.0
6,팍차이나,5.0
7,팍차이나,3.0
8,팍차이나,4.0
9,팍차이나,2.0
10,팍차이나,3.0
1,만강홍,2.0
3,만강홍,1.0
4,만강홍,3.0
6,만강홍,2.0
8,만강홍,3.0
10,만강홍,4.0
1,동북왕,3.0
3,동북왕,5.0
4,동북왕,4.0
6,동북왕,1.0
8,동북왕,5.0
10,동북왕,2.0
1,대관원,2.0
3,대관원,5.0
4,대관원,1.0
7,대관원,1.0
8,대관원,1.0
10,대관원,3.0
1,램스이어양꼬치,3.0
2,램스이어양꼬치,1.0
3,램스이어양꼬치,3.0
4,램스이어양꼬치,3.0
8,램스이어양꼬치,3.0
9,램스이어양꼬치,4.0
10,램스이어양꼬치,3.0
1,쇼린마라탕 오리목전문점,1.0
3,쇼린마라탕 오리목전문점,5.0
4,쇼린마라탕 오리목전문점,5.0
6,쇼린마라탕 오리목전문점,1.0
1,오일장반점,3.0
2,오일장반점,5.0
6,오일장반점,4.0
7,오일장반점,2.0
8,오일장반점,4.0
9,오일장반점,1.0
1,봉추반점,2.0
2,봉추반점,2.0
5,봉추반점,2.0
6,봉추반점,2.0
10,봉추반점,2.0
4,철가방을든해녀,1.0
8,철가방을든해녀,1.0
10,철가방을든해녀,3.0
2,장백산,3.0
4,장백산,1.0
7,장백산,3.0
9,장백산,1.0
10,장백산,1.0
2,가파도해물짜장짬뽕,5.0
3,가파도해물짜장짬뽕,3.0
4,가파도해물짜장짬뽕,2.0
5,가파도해물짜장짬뽕,5.0
6,가파도해물짜장짬뽕,1.0
7,가파도해물짜장짬뽕,3.0
8,가파도해물짜장짬뽕,3.0
10,가파도해물짜장짬뽕,1.0
1,마라도해녀촌짜장,3.0
2,마라도해녀촌짜장,2.0
3,마라도해녀촌짜장,5.0
4,마라도해녀촌짜장,1.0
8,마라도해녀촌짜장,3.0
9,마라도해녀촌짜장,4.0
10,마라도해녀촌짜장,4.0
5,우도 아름다운소풍,4.0
7,우도 아름다운소풍,1.0
1,십원향,2.0
2,십원향,1.0
3,십원향,3.0
8,십원향,1.0
9,십원향,5.0
10,십원향,5.0
3,더하오하오,1.0
4,더하오하오,2.0
6,더하오하오,1.0
7,더하오하오,3.0
9,더하오하오,5.0
10,더하오하오,2.0
3,황해루,5.0
4,황해루,3.0
5,황해루,1.0
6,황해루,4.0
7,황해루,5.0
8,황해루,2.0
9,황해루,5.0
2,길리추팡,3.0
3,길리추팡,2.0
6,길리추팡,1.0
7,길리추팡,4.0
8,길리추팡,2.0
9,길리추팡,5.0
1,짜장왕,2.0
5,짜장왕,3.0
6,짜장왕,3.0
7,짜장왕,1.0
8,짜장왕,2.0
10,짜장왕,2.0
4,아임파인,2.0
5,아임파인,2.0
9,아임파인,3.0
10,아임파인,5.0
2,류차이,5.0
4,류차이,3.0
5,류차이,3.0
6,류차이,3.0
7,류차이,2.0
8,류차이,1.0
10,류차이,1.0
3,소담히로,3.0
4,소담히로,4.0
8,소담히로,1.0
10,소담히로,3.0
1,샤오핑,4.0
2,샤오핑,3.0
4,샤오핑,2.0
5,샤오핑,5.0
6,샤오핑,4.0
8,샤오핑,5.0
1,모리아짬뽕,1.0
3,모리아짬뽕,5.0
4,모리아짬뽕,2.0
5,모리아짬뽕,5.0
6,모리아짬뽕,5.0
7,모리아짬뽕,5.0
9,모리아짬뽕,1.0
2,엄블랑짬뽕,4.0
3,엄블랑짬뽕,2.0
5,엄블랑짬뽕,5.0
6,엄블랑짬뽕,5.0
10,엄블랑짬뽕,5.0
1,지엔방짬뽕연구소,2.0
2,지엔방짬뽕연구소,3.0
3,지엔방짬뽕연구소,3.0
4,지엔방짬뽕연구소,5.0
5,지엔방짬뽕연구소,4.0
7,지엔방짬뽕연구소,4.0
10,지엔방짬뽕연구소,5.0
1,도향촌,4.0
6,도향촌,2.0
7,도향촌,4.0
8,도향촌,4.0
10,도향촌,3.0
1,한동촌놈,4.0
2,한동촌놈,3.0
5,한동촌놈,3.0
6,한동촌놈,4.0
9,한동촌놈,2.0
10,한동촌놈,2.0
4,삼춘반점,4.0
5,삼춘반점,4.0
7,삼춘반점,5.0
8,삼춘반점,2.0
9,삼춘반점,3.0
10,삼춘반점,2.0
2,길림성,2.0
5,길림성,4.0
6,길림성,5.0
10,길림성,3.0
3,마라판다,1.0
6,마라판다,2.0
7,마라판다,4.0
9,마라판다,1.0
10,마라판다,3.0
2,한양관양꼬치,3.0
3,한양관양꼬치,1.0
4,한양관양꼬치,2.0
6,한양관양꼬치,5.0
7,한양관양꼬치,1.0
8,한양관양꼬치,4.0
10,한양관양꼬치,4.0
2,우도짜장맨,4.0
7,우도짜장맨,4.0
10,우도짜장맨,5.0
1,연태만,4.0
2,연태만,3.0
3,연태만,2.0
4,연태만,3.0
6,연태만,2.0
9,연태만,4.0
2,서유기마라탕&훠궈,1.0
3,서유기마라탕&훠궈,1.0
4,서유기마라탕&훠궈,1.0
6,서유기마라탕&훠궈,3.0
10,서유기마라탕&훠궈,2.0
1,신룽푸마라탕,3.0
2,신룽푸마라탕,3.0
3,신룽푸마라탕,4.0
4,신룽푸마라탕,4.0
7,신룽푸마라탕,3.0
9,신룽푸마라탕,2.0
10,신룽푸마라탕,4.0
1,우디아리,4.0
3,우디아리,2.0
4,우디아리,4.0
6,우디아리,3.0
7,우디아리,1.0
1,와랑와랑,2.0
4,와랑와랑,4.0
5,와랑와랑,1.0
8,와랑와랑,5.0
9,와랑와랑,1.0
10,와랑와랑,2.0
5,송이반점,4.0
7,송이반점,3.0
1,홍보석,5.0
5,홍보석,4.0
8,홍보석,1.0
10,홍보석,1.0
2,갑뽕,2.0
5,갑뽕,1.0
8,갑뽕,4.0
10,갑뽕,2.0
2,이화원,5.0
4,이화원,3.0
5,이화원,5.0
7,이화원,4.0
10,이화원,3.0
4,소낭식당,1.0
2,짬뽕바나나,3.0
3,짬뽕바나나,5.0
4,짬뽕바나나,3.0
6,짬뽕바나나,2.0
9,짬뽕바나나,4.0
2,친친,2.0
3,친친,5.0
5,친친,5.0
7,친친,2.0
8,친친,5.0
1,서바당횟집,2.0
3,서바당횟집,3.0
4,서바당횟집,3.0
5,서바당횟집,3.0
7,서바당횟집,4.0
1,로이앤메이,1.0
3,로이앤메이,3.0
7,로이앤메이,1.0
8,로이앤메이,3.0
9,로이앤메이,2.0
1,양,1.0
4,양,2.0
9,양,3.0
10,양,5.0
2,강정중국집,2.0
4,강정중국집,1.0
7,강정중국집,2.0
8,강정중국집,5.0
10,강정중국집,5.0
4,성산짬뽕,3.0
5,성산짬뽕,5.0
6,성산짬뽕,3.0
8,성산짬뽕,3.0
10,성산짬뽕,1.0
3,미짬뽕,2.0
5,미짬뽕,2.0
7,미짬뽕,1.0
8,미짬뽕,2.0
3,이비가짬뽕,5.0
4,이비가짬뽕,4.0
5,이비가짬뽕,1.0
6,이비가짬뽕,3.0
10,이비가짬뽕,5.0
3,차이나 하우스,2.0
6,차이나 하우스,2.0
9,차이나 하우스,3.0
10,차이나 하우스,5.0
1,동가,3.0
3,동가,4.0
9,동가,1.0
4,천금반점,3.0
9,천금반점,4.0
1,유성반점,4.0
3,유성반점,3.0
4,유성반점,2.0
8,유성반점,2.0
1,연예인반점,1.0
2,연예인반점,2.0
5,연예인반점,5.0
6,연예인반점,2.0
8,연예인반점,2.0
2,영성반점,4.0
4,영성반점,1.0
5,영성반점,1.0
10,영성반점,5.0
1,영춘반점,2.0
2,영춘반점,5.0
3,영춘반점,3.0
5,영춘반점,1.0
6,영춘반점,3.0
9,영춘반점,1.0
1,법환성,5.0
2,법환성,4.0
3,법환성,4.0
5,법환성,4.0
7,법환성,2.0
8,법환성,4.0
5,개원,1.0
7,개원,4.0
8,개원,1.0
1,홍림관,5.0
2,홍림관,3.0
4,홍림관,3.0
7,홍림관,3.0
8,홍림관,3.0
10,홍림관,1.0
9,탕궁훠궈,3.0
1,신룽푸마라탕,5.0
4,신룽푸마라탕,2.0
2,신룽푸마라탕,2.0
3,신룽푸마라탕,1.0
9,신룽푸마라탕,3.0
10,신룽푸마라탕,5.0
1,마라신화마라탕,1.0
9,마라신화마라탕,5.0
1,덕성원,4.0
2,덕성원,3.0
3,덕성원,3.0
4,덕성원,3.0
5,덕성원,5.0
7,덕성원,1.0
8,덕성원,4.0
9,덕성원,1.0
10,덕성원,2.0
6,아서원,2.0
7,아서원,4.0
10,아서원,3.0
1,해녀짬뽕,5.0
4,해녀짬뽕,2.0
7,해녀짬뽕,1.0
8,해녀짬뽕,1.0
4,스시호시카이,3.0
8,스시호시카이,3.0
10,스시호시카이,5.0
7,닻,3.0
8,닻,4.0
9,닻,1.0
10,닻,3.0
1,하찌,5.0
4,하찌,1.0
7,하찌,4.0
8,하찌,2.0
9,하찌,5.0
3,살찐고등어,4.0
5,살찐고등어,2.0
6,살찐고등어,4.0
7,살찐고등어,1.0
8,살찐고등어,3.0
9,살찐고등어,5.0
10,살찐고등어,4.0
2,TONKATSU 서황,5.0
6,TONKATSU 서황,3.0
7,TONKATSU 서황,4.0
8,TONKATSU 서황,1.0
3,스시우다,2.0
7,스시우다,3.0
1,온오프,5.0
2,온오프,1.0
5,온오프,5.0
6,온오프,2.0
8,온오프,2.0
9,온오프,3.0
1,수우동,4.0
8,수우동,3.0
9,수우동,1.0
1,고로케야 (휴업중),1.0
2,고로케야 (휴업중),5.0
3,고로케야 (휴업중),3.0
5,고로케야 (휴업중),5.0
6,고로케야 (휴업중),4.0
8,고로케야 (휴업중),5.0
9,고로케야 (휴업중),5.0
2,미도리제주,2.0
7,미도리제주,2.0
4,회심,5.0
5,회심,3.0
7,회심,5.0
8,회심,5.0
9,회심,4.0
3,도토리키친,3.0
8,도토리키친,1.0
1,화산2020,4.0
2,화산2020,3.0
4,화산2020,5.0
7,화산2020,2.0
8,화산2020,2.0
5,유메,5.0
6,유메,5.0
9,유메,4.0
1,연돈,3.0
2,연돈,2.0
4,연돈,1.0
5,연돈,4.0
6,연돈,1.0
10,연돈,2.0
2,다람쥐식탁,2.0
3,다람쥐식탁,3.0
4,다람쥐식탁,2.0
6,다람쥐식탁,4.0
8,다람쥐식탁,5.0
10,다람쥐식탁,5.0
3,아루요2,1.0
4,아루요2,1.0
5,아루요2,5.0
6,아루요2,2.0
7,아루요2,4.0
8,아루요2,4.0
6,호자,2.0
1,심바카레,5.0
2,심바카레,4.0
3,심바카레,1.0
4,심바카레,1.0
6,심바카레,3.0
7,심바카레,3.0
8,심바카레,4.0
10,심바카레,1.0
1,스시애월,2.0
2,스시애월,2.0
4,스시애월,2.0
5,스시애월,4.0
7,스시애월,1.0
9,스시애월,5.0
1,문쏘,4.0
2,문쏘,1.0
4,문쏘,1.0
5,문쏘,4.0
6,문쏘,3.0
10,문쏘,3.0
2,모리노아루요,2.0
3,모리노아루요,4.0
4,모리노아루요,5.0
8,모리노아루요,2.0
9,모리노아루요,5.0
1,소봉식당,4.0
3,소봉식당,2.0
6,소봉식당,1.0
8,소봉식당,5.0
9,소봉식당,3.0
10,소봉식당,2.0
1,제주흑돼지고로케,2.0
2,제주흑돼지고로케,2.0
4,제주흑돼지고로케,3.0
7,제주흑돼지고로케,1.0
9,제주흑돼지고로케,3.0
10,제주흑돼지고로케,3.0
4,황금손가락,4.0
6,황금손가락,1.0
9,황금손가락,5.0
10,황금손가락,5.0
1,황금무지개초밥,2.0
2,황금무지개초밥,3.0
5,황금무지개초밥,4.0
7,황금무지개초밥,3.0
8,황금무지개초밥,4.0
2,초밥충전,3.0
4,초밥충전,2.0
5,초밥충전,3.0
8,초밥충전,4.0
9,초밥충전,5.0
10,초밥충전,1.0
2,추자본섬,4.0
5,추자본섬,5.0
8,추자본섬,5.0
9,추자본섬,2.0
10,추자본섬,5.0
1,야키토리타키비,3.0
6,야키토리타키비,1.0
8,야키토리타키비,1.0
9,야키토리타키비,3.0
1,스시테이,1.0
2,스시테이,5.0
4,스시테이,5.0
6,스시테이,1.0
9,스시테이,4.0
3,스시앤,3.0
4,스시앤,1.0
5,스시앤,4.0
7,스시앤,4.0
10,스시앤,2.0
1,쇼고스시,4.0
5,쇼고스시,2.0
8,쇼고스시,5.0
2,스시도모다찌,3.0
3,스시도모다찌,2.0
4,스시도모다찌,3.0
6,스시도모다찌,5.0
7,스시도모다찌,1.0
8,스시도모다찌,3.0
1,털보네고양이,4.0
3,털보네고양이,2.0
4,털보네고양이,1.0
6,털보네고양이,3.0
8,털보네고양이,1.0
9,털보네고양이,1.0
10,털보네고양이,1.0
2,몽땅,1.0
3,몽땅,5.0
7,몽땅,2.0
8,몽땅,5.0
9,몽땅,4.0
1,공새미 59,2.0
2,공새미 59,5.0
4,공새미 59,1.0
8,공새미 59,1.0
1,아루요,3.0
2,아루요,2.0
3,아루요,2.0
4,아루요,1.0
5,아루요,4.0
6,아루요,3.0
8,아루요,2.0
9,아루요,5.0
1,마루,4.0
2,마루,3.0
5,마루,3.0
7,마루,4.0
2,새우동,3.0
3,새우동,5.0
4,새우동,3.0
5,새우동,3.0
6,새우동,5.0
7,새우동,4.0
4,녹근로33,3.0
5,녹근로33,1.0
7,녹근로33,5.0
9,녹근로33,3.0
6,이노우에스시,5.0
7,이노우에스시,2.0
2,스시코하쿠,1.0
4,스시코하쿠,1.0
5,스시코하쿠,5.0
6,스시코하쿠,4.0
7,스시코하쿠,5.0
8,스시코하쿠,3.0
10,스시코하쿠,5.0
2,제주이와이,4.0
4,제주이와이,3.0
6,제주이와이,1.0
7,제주이와이,1.0
8,제주이와이,3.0
9,제주이와이,1.0
10,제주이와이,4.0
1,서광춘희,5.0
4,서광춘희,5.0
7,서광춘희,1.0
1,모루쿠다,4.0
2,모루쿠다,5.0
3,모루쿠다,4.0
4,모루쿠다,3.0
5,모루쿠다,3.0
8,모루쿠다,5.0
1,유코식당,5.0
5,유코식당,5.0
8,유코식당,1.0
10,유코식당,5.0
3,동경우동,4.0
4,동경우동,4.0
6,동경우동,5.0
7,동경우동,4.0
3,당포로나인돈카츠,4.0
4,당포로나인돈카츠,1.0
5,당포로나인돈카츠,5.0
6,당포로나인돈카츠,4.0
8,당포로나인돈카츠,2.0
10,당포로나인돈카츠,4.0
6,롱로드,2.0
7,롱로드,4.0
8,롱로드,2.0
10,롱로드,4.0
1,레이식당,5.0
2,레이식당,5.0
4,레이식당,2.0
7,레이식당,2.0
3,미미,2.0
4,미미,1.0
6,미미,4.0
7,미미,5.0
8,미미,2.0
10,미미,4.0
1,스시코쿠라,2.0
2,스시코쿠라,2.0
4,스시코쿠라,4.0
6,스시코쿠라,1.0
8,스시코쿠라,3.0
1,다미회,1.0
5,다미회,5.0
7,다미회,5.0
8,다미회,2.0
2,마구로하브동,4.0
3,마구로하브동,5.0
5,마구로하브동,2.0
6,마구로하브동,1.0
2,사요나라히토리,4.0
5,사요나라히토리,4.0
7,사요나라히토리,4.0
8,사요나라히토리,5.0
9,사요나라히토리,5.0
1,이치진,2.0
3,이치진,2.0
4,이치진,3.0
5,이치진,5.0
10,이치진,3.0
1,전망대횟집,2.0
2,전망대횟집,5.0
5,전망대횟집,5.0
6,전망대횟집,5.0
7,전망대횟집,5.0
8,전망대횟집,2.0
9,전망대횟집,5.0
2,월령작야 달의객잔,5.0
4,월령작야 달의객잔,3.0
5,월령작야 달의객잔,5.0
6,월령작야 달의객잔,2.0
7,월령작야 달의객잔,4.0
8,월령작야 달의객잔,1.0
10,월령작야 달의객잔,2.0
2,영육일삼,5.0
4,영육일삼,5.0
7,영육일삼,5.0
2,갓포하루,2.0
3,갓포하루,2.0
6,갓포하루,1.0
7,갓포하루,4.0
8,갓포하루,1.0
10,갓포하루,2.0
3,겐,3.0
7,겐,4.0
8,겐,2.0
1,잇칸시타,4.0
4,잇칸시타,3.0
7,잇칸시타,3.0
8,잇칸시타,1.0
9,잇칸시타,4.0
10,잇칸시타,4.0
1,미나식탁,2.0
5,미나식탁,4.0
8,미나식탁,2.0
1,얌얌돈까스,5.0
2,얌얌돈까스,1.0
3,얌얌돈까스,2.0
4,얌얌돈까스,3.0
6,얌얌돈까스,5.0
7,얌얌돈까스,3.0
8,얌얌돈까스,4.0
9,얌얌돈까스,4.0
2,괜찮은술책,1.0
4,괜찮은술책,5.0
6,괜찮은술책,1.0
7,괜찮은술책,5.0
8,괜찮은술책,2.0
9,괜찮은술책,4.0
3,어느멋진날,1.0
9,어느멋진날,5.0
10,어느멋진날,1.0
1,도르도르라멘 (휴업중),4.0
2,도르도르라멘 (휴업중),4.0
4,도르도르라멘 (휴업중),5.0
5,도르도르라멘 (휴업중),4.0
8,도르도르라멘 (휴업중),3.0
1,고엔,3.0
2,고엔,2.0
3,고엔,3.0
4,고엔,2.0
7,고엔,1.0
8,고엔,2.0
9,고엔,2.0
3,작은밥상,4.0
4,작은밥상,1.0
7,작은밥상,1.0
8,작은밥상,1.0
1,시월,4.0
3,시월,5.0
4,시월,1.0
5,시월,2.0
6,시월,1.0
8,시월,4.0
2,타니,5.0
3,타니,3.0
4,타니,4.0
5,타니,1.0
8,타니,5.0
1,제주유,4.0
3,제주유,1.0
6,제주유,1.0
7,제주유,1.0
1,우동카덴,5.0
3,우동카덴,5.0
4,우동카덴,5.0
5,우동카덴,4.0
8,우동카덴,2.0
9,우동카덴,4.0
1,종달리엔엄마식당,1.0
8,종달리엔엄마식당,2.0
9,종달리엔엄마식당,2.0
2,코미세,4.0
3,코미세,4.0
4,코미세,1.0
6,코미세,4.0
9,코미세,3.0
10,코미세,1.0
2,히츠야,2.0
4,히츠야,1.0
6,히츠야,1.0
7,히츠야,1.0
9,히츠야,4.0
1,모루쿠다,2.0
2,모루쿠다,5.0
4,모루쿠다,5.0
5,모루쿠다,1.0
6,모루쿠다,1.0
2,제주고로,5.0
3,제주고로,4.0
4,제주고로,3.0
5,제주고로,4.0
7,제주고로,4.0
9,제주고로,1.0
10,제주고로,1.0
2,복닥키친,2.0
3,복닥키친,3.0
6,복닥키친,4.0
7,복닥키친,3.0
8,복닥키친,2.0
9,복닥키친,3.0
10,복닥키친,3.0
2,대흘리이자카야,1.0
3,대흘리이자카야,5.0
6,대흘리이자카야,4.0
7,대흘리이자카야,1.0
2,아리,2.0
3,아리,2.0
4,아리,1.0
7,아리,2.0
10,아리,1.0
1,갓포아키,2.0
3,갓포아키,3.0
4,갓포아키,3.0
7,갓포아키,1.0
8,갓포아키,4.0
10,갓포아키,2.0
3,미미한식탁,3.0
4,미미한식탁,3.0
6,미미한식탁,4.0
9,미미한식탁,2.0
3,마모루,2.0
4,마모루,3.0
5,마모루,3.0
6,마모루,5.0
8,마모루,2.0
9,마모루,3.0
10,마모루,5.0
4,삿뽀로우동집,4.0
7,삿뽀로우동집,5.0
10,삿뽀로우동집,5.0
2,삼바리회센타,5.0
3,삼바리회센타,1.0
4,삼바리회센타,4.0
5,삼바리회센타,1.0
9,삼바리회센타,4.0
10,삼바리회센타,5.0
5,느루온,4.0
6,느루온,4.0
8,느루온,3.0
9,느루온,5.0
1,한그릇,4.0
2,한그릇,5.0
5,한그릇,5.0
6,한그릇,5.0
7,한그릇,2.0
4,이자와,1.0
5,이자와,3.0
7,이자와,1.0
8,이자와,2.0
1,애월연어,4.0
2,애월연어,2.0
8,애월연어,3.0
9,애월연어,1.0
10,애월연어,4.0
1,심야식당 코나카,2.0
4,심야식당 코나카,2.0
5,심야식당 코나카,2.0
8,심야식당 코나카,1.0
2,조조모모,5.0
3,조조모모,3.0
6,조조모모,3.0
7,조조모모,1.0
10,조조모모,1.0
2,쉐프의스시이야기,4.0
3,쉐프의스시이야기,5.0
4,쉐프의스시이야기,1.0
5,쉐프의스시이야기,1.0
6,쉐프의스시이야기,1.0
7,쉐프의스시이야기,1.0
8,쉐프의스시이야기,5.0
9,쉐프의스시이야기,2.0
5,황금손가락,4.0
6,황금손가락,1.0
7,황금손가락,2.0
10,황금손가락,3.0
3,대양횟집,3.0
5,대양횟집,3.0
6,대양횟집,1.0
7,대양횟집,1.0
2,만지식당,5.0
3,만지식당,5.0
4,만지식당,2.0
6,만지식당,4.0
7,만지식당,3.0
10,만지식당,4.0
2,빗소리,2.0
3,빗소리,3.0
6,빗소리,4.0
2,얼랑핀칙하도야,5.0
4,얼랑핀칙하도야,4.0
5,얼랑핀칙하도야,1.0
7,얼랑핀칙하도야,3.0
8,얼랑핀칙하도야,1.0
9,얼랑핀칙하도야,3.0
10,얼랑핀칙하도야,2.0
4,그랜드일식,2.0
8,그랜드일식,2.0
10,그랜드일식,2.0
3,토닥토닥,3.0
6,토닥토닥,4.0
7,토닥토닥,1.0
10,토닥토닥,2.0
2,밀리우,3.0
3,밀리우,3.0
4,밀리우,3.0
5,밀리우,5.0
6,밀리우,1.0
7,밀리우,3.0
8,밀리우,4.0
9,밀리우,5.0
1,윌라라,5.0
3,윌라라,1.0
4,윌라라,4.0
5,윌라라,2.0
6,윌라라,1.0
7,윌라라,1.0
8,윌라라,4.0
9,윌라라,5.0
1,에트나 (휴업중),2.0
5,에트나 (휴업중),2.0
7,에트나 (휴업중),2.0
9,에트나 (휴업중),5.0
10,에트나 (휴업중),5.0
1,더스푼,3.0
4,더스푼,1.0
8,더스푼,2.0
1,하도핑크,2.0
2,하도핑크,5.0
3,하도핑크,4.0
5,하도핑크,5.0
6,하도핑크,2.0
7,하도핑크,2.0
8,하도핑크,2.0
9,하도핑크,3.0
2,글라글라하와이,4.0
3,글라글라하와이,2.0
6,글라글라하와이,2.0
4,판타스틱버거,4.0
5,판타스틱버거,3.0
6,판타스틱버거,3.0
7,판타스틱버거,2.0
1,코코리파이프,5.0
3,코코리파이프,5.0
4,코코리파이프,5.0
5,코코리파이프,2.0
6,코코리파이프,5.0
7,코코리파이프,4.0
8,코코리파이프,2.0
9,코코리파이프,3.0
1,다운타우너,2.0
6,다운타우너,3.0
7,다운타우너,1.0
3,카페태희,2.0
5,카페태희,3.0
6,카페태희,2.0
10,카페태희,3.0
3,비마이게스트,3.0
6,비마이게스트,3.0
7,비마이게스트,1.0
9,비마이게스트,4.0
10,비마이게스트,2.0
1,피즈,1.0
10,피즈,1.0
1,금능샌드,3.0
3,금능샌드,5.0
6,금능샌드,2.0
8,금능샌드,1.0
9,금능샌드,2.0
1,더클리프,1.0
3,더클리프,1.0
7,더클리프,4.0
8,더클리프,3.0
10,더클리프,3.0
4,엘코테,1.0
5,엘코테,2.0
8,엘코테,1.0
2,무거버거,3.0
3,무거버거,1.0
6,무거버거,3.0
7,무거버거,2.0
8,무거버거,4.0
3,민트,3.0
6,민트,4.0
7,민트,3.0
8,민트,5.0
9,민트,2.0
10,민트,2.0
4,양가형제,2.0
7,양가형제,4.0
8,양가형제,3.0
3,비오토피아 레스토랑,4.0
6,비오토피아 레스토랑,5.0
9,비오토피아 레스토랑,5.0
10,비오토피아 레스토랑,4.0
3,스모크하우스인구억,5.0
4,스모크하우스인구억,2.0
5,스모크하우스인구억,1.0
7,스모크하우스인구억,5.0
10,스모크하우스인구억,2.0
1,맛있는폴부엌,4.0
2,맛있는폴부엌,5.0
3,맛있는폴부엌,5.0
4,맛있는폴부엌,1.0
10,맛있는폴부엌,3.0
3,페를로,1.0
4,페를로,5.0
6,페를로,2.0
7,페를로,1.0
8,페를로,2.0
3,이스트포레스트,4.0
4,이스트포레스트,5.0
5,이스트포레스트,1.0
8,이스트포레스트,5.0
9,이스트포레스트,1.0
1,하하호호,5.0
3,하하호호,5.0
6,하하호호,3.0
10,하하호호,1.0
3,지미스,1.0
4,지미스,2.0
5,지미스,4.0
9,지미스,3.0
10,지미스,1.0
1,안녕육지사람,3.0
3,안녕육지사람,4.0
5,안녕육지사람,3.0
1,협재화덕도나토스,5.0
2,협재화덕도나토스,1.0
3,협재화덕도나토스,5.0
4,협재화덕도나토스,3.0
5,협재화덕도나토스,3.0
6,협재화덕도나토스,1.0
7,협재화덕도나토스,4.0
9,협재화덕도나토스,1.0
2,치저스,1.0
3,치저스,3.0
4,치저스,5.0
5,치저스,2.0
9,치저스,4.0
1,크랩잭,4.0
2,크랩잭,5.0
4,크랩잭,4.0
5,크랩잭,5.0
9,크랩잭,3.0
10,크랩잭,3.0
2,88버거,5.0
3,88버거,1.0
6,88버거,4.0
8,88버거,3.0
9,88버거,3.0
10,88버거,4.0
2,하버39,5.0
4,하버39,3.0
8,하버39,5.0
1,쿠마리카페,1.0
3,쿠마리카페,2.0
4,쿠마리카페,3.0
5,쿠마리카페,5.0
8,쿠마리카페,5.0
1,나니아,2.0
3,나니아,4.0
5,나니아,4.0
6,나니아,4.0
9,나니아,3.0
10,나니아,3.0
1,이런날엔,2.0
2,이런날엔,5.0
5,이런날엔,4.0
6,이런날엔,2.0
2,반디파스타,2.0
6,반디파스타,1.0
9,반디파스타,2.0
10,반디파스타,4.0
1,세러데이아일랜드,4.0
5,마농,5.0
6,마농,2.0
7,마농,3.0
9,마농,5.0
1,듀크서프비스트로,3.0
2,듀크서프비스트로,3.0
3,듀크서프비스트로,1.0
6,듀크서프비스트로,3.0
9,듀크서프비스트로,4.0
2,불특정식당,2.0
4,불특정식당,1.0
5,불특정식당,3.0
8,불특정식당,5.0
1,르부이부이,3.0
7,르부이부이,3.0
1,작은부엌,2.0
4,작은부엌,4.0
6,작은부엌,4.0
7,작은부엌,3.0
9,작은부엌,3.0
1,파크사이드다이닝,1.0
2,파크사이드다이닝,1.0
3,파크사이드다이닝,3.0
4,파크사이드다이닝,3.0
6,파크사이드다이닝,4.0
7,파크사이드다이닝,3.0
9,파크사이드다이닝,5.0
10,파크사이드다이닝,3.0
3,삼다버거,4.0
5,삼다버거,2.0
6,삼다버거,4.0
7,삼다버거,3.0
8,삼다버거,4.0
9,삼다버거,3.0
1,요리하는목수,1.0
4,요리하는목수,4.0
6,요리하는목수,4.0
9,요리하는목수,5.0
10,요리하는목수,5.0
2,크레베떼,3.0
4,크레베떼,4.0
6,크레베떼,4.0
7,크레베떼,4.0
8,크레베떼,5.0
9,크레베떼,3.0
10,크레베떼,4.0
1,팁시테이블,4.0
2,팁시테이블,4.0
3,팁시테이블,4.0
5,팁시테이블,4.0
9,팁시테이블,2.0
10,팁시테이블,3.0
1,더라운지앤바,5.0
3,더라운지앤바,2.0
4,더라운지앤바,2.0
5,더라운지앤바,4.0
7,더라운지앤바,5.0
9,더라운지앤바,4.0
10,더라운지앤바,4.0
3,금능태왁,1.0
5,금능태왁,1.0
7,금능태왁,4.0
8,금능태왁,4.0
9,금능태왁,3.0
1,제주프리또,1.0
2,제주프리또,2.0
3,제주프리또,4.0
4,제주프리또,1.0
6,제주프리또,3.0
7,제주프리또,3.0
10,제주프리또,1.0
6,제주달빛좋은밤,3.0
9,제주달빛좋은밤,3.0
10,제주달빛좋은밤,1.0
1,제주인양,3.0
2,제주인양,5.0
3,제주인양,5.0
4,제주인양,1.0
8,제주인양,4.0
9,제주인양,4.0
10,제주인양,4.0
5,코코마마,1.0
6,코코마마,4.0
7,코코마마,2.0
8,코코마마,4.0
9,코코마마,2.0
1,호끌락다락,2.0
2,호끌락다락,2.0
7,호끌락다락,2.0
8,호끌락다락,2.0
3,하우투플레이,4.0
4,하우투플레이,3.0
6,하우투플레이,4.0
7,하우투플레이,2.0
9,하우투플레이,3.0
10,하우투플레이,3.0
1,And 유 Café,4.0
3,And 유 Café,2.0
4,And 유 Café,2.0
8,And 유 Café,1.0
9,And 유 Café,5.0
10,And 유 Café,1.0
1,몬스터살롱,2.0
2,몬스터살롱,1.0
3,몬스터살롱,1.0
4,몬스터살롱,3.0
6,몬스터살롱,4.0
7,몬스터살롱,2.0
2,제니의정원,1.0
4,제니의정원,5.0
5,제니의정원,1.0
8,제니의정원,2.0
9,제니의정원,2.0
10,제니의정원,1.0
3,구좌지앵,3.0
4,구좌지앵,3.0
5,구좌지앵,2.0
6,구좌지앵,3.0
7,구좌지앵,4.0
8,구좌지앵,5.0
9,구좌지앵,2.0
10,구좌지앵,3.0
2,월정리에서브런치,4.0
4,월정리에서브런치,4.0
5,월정리에서브런치,2.0
8,월정리에서브런치,3.0
9,월정리에서브런치,2.0
10,월정리에서브런치,3.0
1,모디카,1.0
2,모디카,5.0
8,모디카,3.0
9,모디카,2.0
10,모디카,1.0
1,애월리에,1.0
3,애월리에,4.0
4,애월리에,4.0
6,애월리에,5.0
7,애월리에,4.0
8,애월리에,1.0
3,포트컨테이너,3.0
6,포트컨테이너,3.0
8,포트컨테이너,4.0
10,포트컨테이너,5.0
1,BISTRO 낭,2.0
2,BISTRO 낭,3.0
3,BISTRO 낭,1.0
4,BISTRO 낭,3.0
7,BISTRO 낭,5.0
2,메리앤폴,2.0
3,메리앤폴,1.0
10,메리앤폴,3.0
2,웅스키친,1.0
3,웅스키친,3.0
4,웅스키친,4.0
5,웅스키친,4.0
7,웅스키친,5.0
10,웅스키친,1.0
2,잇수다,3.0
3,잇수다,5.0
4,잇수다,5.0
6,잇수다,2.0
7,잇수다,5.0
10,잇수다,3.0
1,컬쳐드,2.0
2,컬쳐드,4.0
4,컬쳐드,1.0
9,컬쳐드,3.0
10,컬쳐드,4.0
1,가드망제,2.0
3,가드망제,4.0
4,가드망제,4.0
6,가드망제,5.0
7,가드망제,5.0
9,가드망제,3.0
10,가드망제,5.0
1,애월식탁 수제버거,5.0
3,애월식탁 수제버거,4.0
7,애월식탁 수제버거,5.0
9,애월식탁 수제버거,5.0
1,칠분의오,2.0
3,칠분의오,1.0
4,칠분의오,5.0
5,칠분의오,2.0
6,칠분의오,5.0
7,칠분의오,5.0
10,칠분의오,5.0
2,조식,3.0
4,조식,4.0
6,조식,5.0
7,조식,5.0
8,조식,5.0
1,루스트플레이스,3.0
2,루스트플레이스,3.0
4,루스트플레이스,3.0
6,루스트플레이스,1.0
9,루스트플레이스,5.0
10,루스트플레이스,1.0
1,리틀이태리,2.0
2,리틀이태리,5.0
6,리틀이태리,1.0
8,리틀이태리,5.0
9,리틀이태리,4.0
5,모들한상,2.0
6,모들한상,4.0
9,모들한상,4.0
10,모들한상,3.0
1,캐롤,2.0
4,캐롤,1.0
5,캐롤,1.0
6,캐롤,3.0
7,캐롤,4.0
8,캐롤,3.0
10,캐롤,4.0
1,부엌인세화,1.0
3,부엌인세화,1.0
6,부엌인세화,2.0
7,부엌인세화,4.0
10,부엌인세화,4.0
1,테네시테이블,5.0
4,테네시테이블,4.0
6,테네시테이블,5.0
7,테네시테이블,1.0
2,컨플루언스,2.0
5,컨플루언스,2.0
6,컨플루언스,4.0
7,컨플루언스,2.0
9,컨플루언스,1.0
3,엘엠엔티,5.0
4,엘엠엔티,3.0
7,엘엠엔티,3.0
8,엘엠엔티,3.0
1,인판포 레스토랑,5.0
2,인판포 레스토랑,1.0
4,인판포 레스토랑,4.0
6,인판포 레스토랑,4.0
1,라스지오르,5.0
2,라스지오르,5.0
3,라스지오르,1.0
4,라스지오르,2.0
6,라스지오르,3.0
7,라스지오르,5.0
8,라스지오르,2.0
9,라스지오르,4.0
10,라스지오르,5.0
5,베지그랑,3.0
7,베지그랑,4.0
8,베지그랑,2.0
9,베지그랑,5.0
10,베지그랑,5.0
1,마시썸,2.0
2,마시썸,5.0
3,마시썸,2.0
6,마시썸,1.0
7,마시썸,3.0
1,파라토도스,1.0
3,파라토도스,1.0
6,파라토도스,2.0
9,파라토도스,2.0
3,센트로,3.0
4,센트로,4.0
5,센트로,4.0
8,센트로,3.0
7,징기스,5.0
8,징기스,4.0
3,하하호호,4.0
4,하하호호,2.0
7,하하호호,3.0
9,하하호호,4.0
10,하하호호,2.0
3,사는맛먹는맛,4.0
5,사는맛먹는맛,4.0
9,사는맛먹는맛,3.0
10,사는맛먹는맛,5.0
1,웨이브,4.0
2,웨이브,4.0
1,평대앓이,2.0
2,평대앓이,2.0
3,평대앓이,5.0
5,평대앓이,5.0
6,평대앓이,1.0
7,평대앓이,3.0
9,평대앓이,4.0
10,평대앓이,4.0
1,종종캐주얼다이닝앤카페,3.0
2,종종캐주얼다이닝앤카페,5.0
4,종종캐주얼다이닝앤카페,3.0
6,종종캐주얼다이닝앤카페,2.0
8,종종캐주얼다이닝앤카페,4.0
1,Sorella in Jeju,5.0
2,Sorella in Jeju,3.0
3,Sorella in Jeju,2.0
4,Sorella in Jeju,2.0
9,Sorella in Jeju,2.0
1,소호,5.0
3,소호,3.0
2,오름화덕피자,1.0
5,오름화덕피자,1.0
6,오름화덕피자,4.0
8,오름화덕피자,4.0
9,오름화덕피자,1.0
1,버거스테이,2.0
2,버거스테이,4.0
4,버거스테이,5.0
6,버거스테이,4.0
7,버거스테이,1.0
1,카우보이스테이크하우스,2.0
4,카우보이스테이크하우스,1.0
5,카우보이스테이크하우스,1.0
6,카우보이스테이크하우스,4.0
7,카우보이스테이크하우스,1.0
8,카우보이스테이크하우스,3.0
10,카우보이스테이크하우스,1.0
1,아끈식당,4.0
3,아끈식당,1.0
4,아끈식당,2.0
5,아끈식당,5.0
6,아끈식당,5.0
7,아끈식당,4.0
8,아끈식당,4.0
10,아끈식당,3.0
2,마담조펍앤다이닝,2.0
5,마담조펍앤다이닝,4.0
8,마담조펍앤다이닝,2.0
10,마담조펍앤다이닝,1.0
3,도다모,3.0
4,도다모,1.0
5,도다모,2.0
1,둘레길,4.0
2,둘레길,2.0
3,둘레길,2.0
4,둘레길,4.0
5,둘레길,3.0
6,둘레길,1.0
7,둘레길,1.0
2,바그다드,5.0
3,바그다드,3.0
5,바그다드,3.0
10,바그다드,4.0
6,라스또르따스,1.0
7,라스또르따스,2.0
9,라스또르따스,1.0
1,인디언키친,5.0
2,인디언키친,2.0
4,인디언키친,5.0
5,인디언키친,4.0
6,인디언키친,1.0
8,인디언키친,4.0
3,젠하이드어웨이,1.0
5,젠하이드어웨이,3.0
6,젠하이드어웨이,4.0
9,젠하이드어웨이,5.0
10,젠하이드어웨이,2.0
1,타코마씸,1.0
2,타코마씸,4.0
4,타코마씸,4.0
5,타코마씸,5.0
1,호커센터,3.0
2,호커센터,2.0
3,호커센터,2.0
5,호커센터,2.0
6,호커센터,3.0
1,그란데,1.0
2,그란데,2.0
4,그란데,4.0
5,그란데,2.0
7,그란데,3.0
9,그란데,4.0
5,몬스테라,3.0
7,몬스테라,3.0
8,몬스테라,3.0
9,몬스테라,4.0
10,몬스테라,5.0
2,반양,5.0
3,반양,1.0
8,반양,1.0
9,반양,4.0
3,천제연,1.0
5,천제연,4.0
10,천제연,3.0
3,섬소나이,1.0
4,섬소나이,1.0
5,섬소나이,3.0
7,섬소나이,4.0
1,파니야그릴 (휴업중),3.0
2,파니야그릴 (휴업중),4.0
6,파니야그릴 (휴업중),4.0
7,파니야그릴 (휴업중),3.0
1,지조스바오,5.0
2,지조스바오,4.0
4,지조스바오,3.0
5,지조스바오,3.0
7,지조스바오,2.0
1,메콩스카이,2.0
3,메콩스카이,4.0
5,메콩스카이,3.0
6,메콩스카이,1.0
8,메콩스카이,4.0
10,메콩스카이,2.0
8,자연스러운식당,3.0
1,호탕,1.0
2,호탕,4.0
4,호탕,3.0
8,호탕,4.0
9,호탕,2.0
10,호탕,3.0
4,테디밸리 클럽하우스,2.0
6,테디밸리 클럽하우스,1.0
8,테디밸리 클럽하우스,1.0
1,세계의가정식,1.0
5,세계의가정식,5.0
6,세계의가정식,1.0
7,세계의가정식,2.0
9,세계의가정식,5.0
10,세계의가정식,3.0
1,다채,3.0
2,다채,2.0
4,다채,4.0
6,다채,3.0
1,위미애머물다,1.0
2,위미애머물다,4.0
4,위미애머물다,4.0
5,위미애머물다,4.0
8,위미애머물다,4.0
6,서귀포호,3.0
7,서귀포호,5.0
8,서귀포호,4.0
10,서귀포호,3.0
1,아살람레스토랑,2.0
5,아살람레스토랑,5.0
6,아살람레스토랑,2.0
7,아살람레스토랑,3.0
8,아살람레스토랑,3.0
9,아살람레스토랑,2.0
10,아살람레스토랑,2.0
1,뱅인타코,3.0
2,뱅인타코,1.0
3,뱅인타코,1.0
5,뱅인타코,5.0
6,뱅인타코,3.0
9,뱅인타코,5.0
10,뱅인타코,4.0
4,리틀비엣,3.0
6,리틀비엣,1.0
7,리틀비엣,3.0
8,리틀비엣,3.0
1,하노이안브라더스,2.0
2,하노이안브라더스,1.0
5,하노이안브라더스,4.0
7,하노이안브라더스,1.0
8,하노이안브라더스,5.0
10,하노이안브라더스,1.0
1,디아넥스 레스토랑,4.0
2,디아넥스 레스토랑,2.0
3,디아넥스 레스토랑,5.0
4,디아넥스 레스토랑,1.0
5,디아넥스 레스토랑,3.0
7,디아넥스 레스토랑,2.0
8,디아넥스 레스토랑,5.0
9,디아넥스 레스토랑,2.0
10,와르다레스토랑,2.0
1,델리지아,2.0
3,델리지아,5.0
4,델리지아,3.0
6,델리지아,1.0
7,델리지아,3.0
1,타이웍,1.0
2,타이웍,4.0
3,타이웍,3.0
5,타이웍,1.0
8,타이웍,1.0
10,타이웍,1.0
3,빛남,1.0
4,빛남,2.0
5,빛남,4.0
6,빛남,5.0
8,빛남,4.0
9,빛남,5.0
10,빛남,4.0
2,엘씨엘로,4.0
3,엘씨엘로,1.0
8,엘씨엘로,3.0
9,엘씨엘로,4.0
10,엘씨엘로,5.0
1,마초그릴,2.0
3,마초그릴,4.0
4,마초그릴,5.0
5,마초그릴,4.0
8,마초그릴,3.0
5,밍떰,2.0
6,밍떰,4.0
7,밍떰,2.0
9,밍떰,4.0
10,밍떰,4.0
2,카인드키친앤펍,2.0
3,카인드키친앤펍,1.0
4,카인드키친앤펍,3.0
5,카인드키친앤펍,5.0
7,카인드키친앤펍,5.0
8,카인드키친앤펍,1.0
9,카인드키친앤펍,2.0
4,루트84,2.0
5,루트84,5.0
10,루트84,2.0
2,오래된구름,4.0
3,오래된구름,4.0
6,오래된구름,1.0
7,오래된구름,1.0
1,리볼버,5.0
2,리볼버,2.0
5,리볼버,5.0
6,리볼버,3.0
8,리볼버,5.0
1,스페니쉬함덕,1.0
4,스페니쉬함덕,5.0
5,스페니쉬함덕,4.0
7,스페니쉬함덕,3.0
10,스페니쉬함덕,4.0
1,방콕익스프레스,1.0
3,방콕익스프레스,4.0
4,방콕익스프레스,5.0
6,방콕익스프레스,2.0
8,방콕익스프레스,4.0
9,방콕익스프레스,1.0
1,대성베트남쌀국수,3.0
3,대성베트남쌀국수,4.0
4,대성베트남쌀국수,1.0
5,대성베트남쌀국수,5.0
7,대성베트남쌀국수,1.0
9,대성베트남쌀국수,1.0
1,야뜨리,5.0
2,야뜨리,5.0
3,야뜨리,3.0
4,야뜨리,4.0
5,야뜨리,3.0
8,야뜨리,5.0
10,야뜨리,2.0
1,비스트로더반,5.0
4,비스트로더반,4.0
6,비스트로더반,5.0
7,비스트로더반,2.0
8,비스트로더반,3.0
10,비스트로더반,2.0
2,라지마할,5.0
3,라지마할,5.0
6,라지마할,2.0
9,라지마할,1.0
10,라지마할,2.0
1,리하의커리,2.0
4,리하의커리,2.0
5,리하의커리,2.0
6,리하의커리,4.0
7,리하의커리,3.0
8,리하의커리,4.0
1,포베이,3.0
1,근쌀남,5.0
3,근쌀남,5.0
5,근쌀남,1.0
8,근쌀남,1.0
2,팟타이만,3.0
4,팟타이만,1.0
5,팟타이만,2.0
10,팟타이만,3.0
1,포세화,4.0
3,포세화,3.0
5,포세화,5.0
6,포세화,3.0
7,포세화,3.0
9,포세화,3.0
1,오지하우스,1.0
4,오지하우스,2.0
5,오지하우스,5.0
6,오지하우스,2.0
10,오지하우스,3.0
2,칸스,2.0
3,칸스,1.0
4,칸스,2.0
5,칸스,5.0
8,칸스,5.0
10,칸스,2.0
1,포하노이,4.0
2,포하노이,2.0
5,포하노이,2.0
8,포하노이,1.0
10,포하노이,1.0
1,시나르,1.0
6,시나르,5.0
10,시나르,3.0
1,치꼬,3.0
2,치꼬,2.0
8,치꼬,5.0
9,치꼬,1.0
10,치꼬,2.0
1,월정리쌀국수포앤프라이,3.0
4,월정리쌀국수포앤프라이,3.0
1,곽지Bar다,1.0
3,곽지Bar다,3.0
4,곽지Bar다,1.0
5,곽지Bar다,2.0
6,곽지Bar다,5.0
1,롯타이,4.0
3,롯타이,3.0
5,롯타이,2.0
6,롯타이,4.0
8,롯타이,4.0
10,롯타이,2.0
2,섬모라,1.0
3,섬모라,1.0
4,섬모라,4.0
5,섬모라,5.0
6,섬모라,2.0
7,섬모라,1.0
9,섬모라,2.0
1,더파크뷰,2.0
4,더파크뷰,3.0
10,더파크뷰,3.0
3,삼다정,3.0
4,삼다정,1.0
5,삼다정,3.0
6,삼다정,3.0
10,삼다정,1.0
1,스카이온파이브다이닝,2.0
2,스카이온파이브다이닝,3.0
3,스카이온파이브다이닝,3.0
4,스카이온파이브다이닝,2.0
5,스카이온파이브다이닝,2.0
9,스카이온파이브다이닝,2.0
10,스카이온파이브다이닝,5.0
3,더 캔버스,1.0
4,더 캔버스,3.0
6,더 캔버스,2.0
8,더 캔버스,1.0
9,더 캔버스,2.0
10,더 캔버스,2.0
2,랜딩다이닝,5.0
5,랜딩다이닝,4.0
7,랜딩다이닝,3.0
8,랜딩다이닝,4.0
2,나그네쉼터,5.0
6,나그네쉼터,2.0
8,나그네쉼터,3.0
9,나그네쉼터,3.0
10,나그네쉼터,1.0
2,씨까페,4.0
3,씨까페,3.0
5,씨까페,1.0
7,씨까페,5.0
8,씨까페,2.0
9,씨까페,3.0
1,그랜드키친,4.0
2,그랜드키친,2.0
4,그랜드키친,2.0
5,그랜드키친,2.0
7,그랜드키친,1.0
9,그랜드키친,1.0
1,애슐리퀸즈,1.0
2,애슐리퀸즈,3.0
9,애슐리퀸즈,5.0
1,제주기사정식부페,5.0
4,제주기사정식부페,2.0
10,제주기사정식부페,2.0
1,신라스테이 카페,4.0
2,신라스테이 카페,5.0
3,신라스테이 카페,4.0
5,신라스테이 카페,5.0
6,신라스테이 카페,3.0
7,신라스테이 카페,3.0
9,신라스테이 카페,5.0
10,신라스테이 카페,2.0
1,한라,2.0
9,한라,3.0
1,아리아,3.0
2,아리아,1.0
4,아리아,1.0
9,아리아,4.0
10,아리아,3.0
2,맨도롱밥집,1.0
3,맨도롱밥집,1.0
4,맨도롱밥집,5.0
5,맨도롱밥집,4.0
6,맨도롱밥집,5.0
8,맨도롱밥집,3.0
10,맨도롱밥집,3.0
2,이디,1.0
3,이디,5.0
5,이디,1.0
6,이디,5.0
7,이디,5.0
9,이디,1.0
10,이디,1.0
1,해난디,5.0
2,해난디,2.0
4,해난디,1.0
6,해난디,4.0
7,해난디,5.0
8,해난디,5.0
10,해난디,4.0
3,마레보리조트 레스토랑,2.0
1,오름,1.0
4,오름,3.0
6,오름,1.0
7,오름,4.0
8,오름,1.0
9,오름,3.0
1,탐모라,4.0
2,탐모라,3.0
3,탐모라,5.0
7,탐모라,1.0
8,탐모라,2.0
9,탐모라,2.0
10,탐모라,3.0
1,태온,2.0
2,태온,3.0
1,파노라마,3.0
2,파노라마,4.0
5,파노라마,5.0
6,파노라마,2.0
7,파노라마,1.0
9,파노라마,2.0
10,파노라마,3.0
2,종달미소,1.0
4,종달미소,2.0
9,종달미소,2.0
10,종달미소,5.0
2,칠성뷔페,3.0
4,칠성뷔페,1.0
5,칠성뷔페,4.0
8,칠성뷔페,3.0
9,칠성뷔페,5.0
2,꽃마름,5.0
5,꽃마름,5.0
9,꽃마름,2.0
1,애월한식뷔페,2.0
4,애월한식뷔페,5.0
6,애월한식뷔페,5.0
9,애월한식뷔페,2.0
1,예가상차림,3.0
5,예가상차림,1.0
8,예가상차림,4.0
1,브릴란테,5.0
2,브릴란테,2.0
3,브릴란테,2.0
5,브릴란테,5.0
6,브릴란테,5.0
10,브릴란테,5.0
5,쎌빠,1.0
6,쎌빠,5.0
9,쎌빠,2.0
2,효도뷔페,5.0
4,효도뷔페,3.0
6,효도뷔페,4.0
8,효도뷔페,4.0
3,헤라,4.0
4,헤라,4.0
5,헤라,3.0
6,헤라,3.0
8,헤라,2.0
10,헤라,2.0
3,오드랑베이커리,1.0
4,오드랑베이커리,3.0
5,오드랑베이커리,4.0
6,오드랑베이커리,1.0
7,오드랑베이커리,4.0
9,오드랑베이커리,5.0
1,진아떡집,5.0
2,진아떡집,3.0
3,진아떡집,3.0
5,진아떡집,3.0
6,진아떡집,5.0
7,진아떡집,5.0
8,진아떡집,5.0
9,진아떡집,2.0
2,산노루,2.0
4,산노루,4.0
5,산노루,5.0
6,산노루,1.0
7,산노루,1.0
9,산노루,5.0
4,빵귿,4.0
5,빵귿,4.0
7,빵귿,5.0
8,빵귿,4.0
9,빵귿,1.0
1,한라산아래첫마을영농조합법인,5.0
4,한라산아래첫마을영농조합법인,3.0
5,한라산아래첫마을영농조합법인,2.0
6,한라산아래첫마을영농조합법인,2.0
8,한라산아래첫마을영농조합법인,3.0
9,한라산아래첫마을영농조합법인,3.0
2,미남미녀,4.0
3,미남미녀,5.0
5,미남미녀,2.0
7,미남미녀,1.0
9,미남미녀,4.0
4,서귀다원,1.0
7,서귀다원,2.0
8,서귀다원,2.0
9,서귀다원,4.0
2,커피템플,2.0
3,커피템플,4.0
4,커피템플,4.0
6,커피템플,1.0
10,커피템플,1.0
5,우연못,5.0
6,우연못,4.0
8,우연못,3.0
2,카페 귤꽃다락,3.0
3,카페 귤꽃다락,1.0
4,카페 귤꽃다락,4.0
5,카페 귤꽃다락,5.0
6,카페 귤꽃다락,5.0
7,카페 귤꽃다락,3.0
8,카페 귤꽃다락,5.0
10,카페 귤꽃다락,2.0
2,카페태희,2.0
6,카페태희,1.0
7,카페태희,3.0
9,카페태희,5.0
10,카페태희,2.0
1,커피파인더,3.0
7,커피파인더,2.0
9,커피파인더,5.0
1,우유부단,3.0
2,우유부단,2.0
4,우유부단,1.0
5,우유부단,5.0
6,우유부단,3.0
7,우유부단,5.0
8,우유부단,1.0
3,ABC베이커리,1.0
4,ABC베이커리,1.0
8,ABC베이커리,3.0
2,아줄레주,3.0
5,아줄레주,4.0
8,아줄레주,3.0
10,아줄레주,1.0
1,동광,1.0
4,동광,5.0
5,동광,5.0
6,동광,3.0
10,동광,3.0
3,원더먼트제주 (휴업중),5.0
4,원더먼트제주 (휴업중),5.0
6,원더먼트제주 (휴업중),4.0
2,토투가커피,4.0
3,토투가커피,4.0
7,토투가커피,4.0
9,토투가커피,5.0
10,토투가커피,2.0
3,어니스트밀크,1.0
6,어니스트밀크,1.0
9,어니스트밀크,1.0
4,제레미,1.0
5,제레미,5.0
6,제레미,5.0
8,제레미,1.0
3,집의기록상점,4.0
8,집의기록상점,3.0
9,집의기록상점,4.0
1,제주 하멜,5.0
3,제주 하멜,5.0
5,제주 하멜,1.0
6,제주 하멜,4.0
10,제주 하멜,3.0
1,도렐,4.0
2,도렐,4.0
3,도렐,1.0
6,도렐,5.0
7,도렐,3.0
3,블랑로쉐,2.0
7,블랑로쉐,5.0
9,블랑로쉐,5.0
10,블랑로쉐,5.0
3,마노커피하우스,3.0
5,마노커피하우스,2.0
7,마노커피하우스,5.0
10,마노커피하우스,2.0
1,랜디스도넛,4.0
3,랜디스도넛,2.0
5,랜디스도넛,2.0
6,랜디스도넛,3.0
8,랜디스도넛,1.0
9,랜디스도넛,5.0
2,플레이스엉물,2.0
4,플레이스엉물,4.0
5,플레이스엉물,3.0
9,플레이스엉물,2.0
10,플레이스엉물,1.0
2,한라산,5.0
3,한라산,4.0
4,한라산,3.0
5,한라산,2.0
6,한라산,2.0
7,한라산,3.0
9,한라산,5.0
10,한라산,4.0
3,베케,4.0
4,베케,2.0
6,베케,2.0
1,토템오어,4.0
2,토템오어,5.0
3,토템오어,1.0
4,토템오어,1.0
6,토템오어,3.0
7,토템오어,3.0
3,다니쉬,5.0
4,다니쉬,2.0
6,다니쉬,1.0
7,다니쉬,5.0
8,다니쉬,3.0
10,다니쉬,4.0
1,5L2F,5.0
3,5L2F,1.0
5,5L2F,2.0
6,5L2F,5.0
7,5L2F,4.0
9,5L2F,4.0
2,무상찻집,1.0
4,무상찻집,2.0
6,무상찻집,1.0
7,무상찻집,3.0
1,카페살레,3.0
3,카페살레,4.0
4,카페살레,5.0
5,카페살레,3.0
6,카페살레,1.0
8,카페살레,2.0
9,카페살레,4.0
10,카페살레,4.0
3,윈드스톤,3.0
4,윈드스톤,1.0
5,윈드스톤,3.0
6,윈드스톤,5.0
10,윈드스톤,3.0
1,이에르바,4.0
3,이에르바,3.0
6,이에르바,2.0
7,이에르바,5.0
8,이에르바,5.0
10,이에르바,5.0
2,고요새,4.0
5,고요새,3.0
7,고요새,2.0
10,고요새,3.0
1,신산리마을카페,2.0
3,신산리마을카페,4.0
5,신산리마을카페,1.0
6,신산리마을카페,2.0
7,신산리마을카페,5.0
8,신산리마을카페,2.0
9,신산리마을카페,2.0
8,마마롱,4.0
9,마마롱,2.0
10,마마롱,4.0
3,오른,1.0
5,오른,2.0
6,오른,5.0
7,오른,2.0
8,오른,4.0
1,마고,4.0
5,마고,1.0
8,마고,2.0
9,마고,2.0
10,마고,5.0
1,그러므로Part2,1.0
3,그러므로Part2,4.0
5,그러므로Part2,1.0
8,그러므로Part2,5.0
10,그러므로Part2,2.0
1,레이지펌프,4.0
2,레이지펌프,5.0
3,레이지펌프,2.0
5,레이지펌프,2.0
6,레이지펌프,2.0
8,레이지펌프,1.0
1,카페세바,3.0
3,카페세바,5.0
4,카페세바,3.0
5,카페세바,5.0
6,카페세바,4.0
9,카페세바,1.0
2,미엘드세화,5.0
3,미엘드세화,3.0
6,미엘드세화,5.0
10,미엘드세화,1.0
3,톰톰카레,3.0
4,톰톰카레,2.0
5,톰톰카레,4.0
7,톰톰카레,4.0
3,당당,3.0
4,당당,1.0
5,당당,4.0
7,당당,2.0
8,당당,4.0
10,당당,5.0
4,아베베베이커리,4.0
5,아베베베이커리,1.0
6,아베베베이커리,3.0
7,아베베베이커리,3.0
8,아베베베이커리,4.0
9,아베베베이커리,4.0
10,아베베베이커리,5.0
1,휴일로,1.0
2,휴일로,4.0
5,휴일로,1.0
9,휴일로,1.0
2,슬랩,2.0
4,슬랩,4.0
5,슬랩,1.0
6,슬랩,2.0
8,슬랩,3.0
9,슬랩,3.0
10,슬랩,4.0
1,오설록티뮤지엄,3.0
2,오설록티뮤지엄,5.0
6,오설록티뮤지엄,2.0
7,오설록티뮤지엄,1.0
10,오설록티뮤지엄,1.0
3,테라로사,1.0
6,테라로사,1.0
8,테라로사,3.0
10,테라로사,4.0
4,리듬,1.0
5,리듬,2.0
7,리듬,1.0
8,리듬,2.0
1,유동커피,3.0
2,유동커피,3.0
3,유동커피,1.0
4,유동커피,5.0
5,유동커피,4.0
1,이익새양과점,2.0
2,이익새양과점,1.0
6,이익새양과점,4.0
7,이익새양과점,2.0
8,이익새양과점,2.0
9,이익새양과점,3.0
2,카페가호,2.0
4,카페가호,4.0
6,카페가호,2.0
7,카페가호,4.0
8,카페가호,2.0
10,카페가호,4.0
5,풍림다방,2.0
6,풍림다방,4.0
7,풍림다방,1.0
9,풍림다방,2.0
2,이니스프리제주하우스,1.0
3,이니스프리제주하우스,2.0
6,이니스프리제주하우스,3.0
8,이니스프리제주하우스,4.0
9,이니스프리제주하우스,2.0
2,원앤온리,3.0
4,원앤온리,4.0
5,원앤온리,1.0
8,원앤온리,2.0
9,원앤온리,5.0
3,리치망고,4.0
5,리치망고,3.0
6,리치망고,5.0
7,리치망고,5.0
9,리치망고,1.0
10,리치망고,2.0
1,니모메빈티지라운지,2.0
2,니모메빈티지라운지,1.0
5,니모메빈티지라운지,3.0
8,니모메빈티지라운지,3.0
9,니모메빈티지라운지,4.0
3,서양차관,1.0
4,서양차관,4.0
6,서양차관,2.0
9,서양차관,3.0
10,서양차관,5.0
2,보롬왓 카페,5.0
6,보롬왓 카페,5.0
7,보롬왓 카페,5.0
9,보롬왓 카페,2.0
4,씨리얼,5.0
7,씨리얼,3.0
1,구좌상회,2.0
4,구좌상회,2.0
5,구좌상회,3.0
6,구좌상회,4.0
9,구좌상회,2.0
2,그초록,5.0
3,그초록,5.0
6,그초록,3.0
8,그초록,2.0
9,그초록,1.0
1,귤하르방,1.0
2,귤하르방,4.0
7,귤하르방,5.0
8,귤하르방,5.0
1,바람벽에흰당나귀,1.0
3,바람벽에흰당나귀,1.0
4,바람벽에흰당나귀,1.0
5,바람벽에흰당나귀,5.0
6,바람벽에흰당나귀,3.0
8,바람벽에흰당나귀,3.0
10,바람벽에흰당나귀,3.0
1,카페뵤뵤,3.0
2,카페뵤뵤,5.0
4,카페뵤뵤,1.0
5,카페뵤뵤,4.0
6,카페뵤뵤,2.0
8,카페뵤뵤,5.0
10,카페뵤뵤,1.0
3,와랑와랑,3.0
5,와랑와랑,4.0
7,와랑와랑,5.0
8,와랑와랑,5.0
10,와랑와랑,5.0
2,No Lone Zone,3.0
5,No Lone Zone,1.0
6,No Lone Zone,4.0
7,No Lone Zone,2.0
2,카페록록,5.0
5,카페록록,1.0
7,카페록록,2.0
8,카페록록,2.0
10,카페록록,5.0
1,뷰스트,1.0
4,뷰스트,5.0
5,뷰스트,5.0
6,뷰스트,3.0
7,뷰스트,1.0
8,뷰스트,3.0
10,뷰스트,2.0
4,클랭블루,4.0
6,클랭블루,5.0
8,클랭블루,3.0
9,클랭블루,2.0
1,살롱드라방,4.0
2,살롱드라방,4.0
3,살롱드라방,1.0
4,살롱드라방,1.0
5,살롱드라방,1.0
7,살롱드라방,4.0
1,인스밀,4.0
2,인스밀,4.0
4,인스밀,1.0
5,인스밀,4.0
6,인스밀,2.0
1,카페노티드,3.0
5,카페노티드,1.0
9,카페노티드,3.0
10,카페노티드,2.0
1,망고레이,1.0
2,망고레이,5.0
4,망고레이,2.0
5,망고레이,3.0
6,망고레이,4.0
9,망고레이,3.0
1,모노클,5.0
5,모노클,5.0
7,모노클,4.0
8,모노클,4.0
9,모노클,3.0
10,모노클,2.0
2,메이비카페,4.0
3,메이비카페,5.0
5,메이비카페,4.0
6,메이비카페,1.0
7,메이비카페,4.0
1,요요무문,5.0
4,요요무문,1.0
5,요요무문,2.0
6,요요무문,3.0
8,요요무문,2.0
9,요요무문,5.0
1,외도339,4.0
2,외도339,2.0
4,외도339,1.0
6,외도339,2.0
8,외도339,3.0
9,외도339,4.0
3,귤하르방,4.0
6,귤하르방,4.0
7,귤하르방,5.0
8,귤하르방,4.0
10,귤하르방,1.0
1,제일성심당,4.0
2,제일성심당,2.0
3,제일성심당,3.0
4,제일성심당,5.0
6,제일성심당,1.0
7,제일성심당,1.0
9,제일성심당,1.0
10,제일성심당,1.0
1,서홍정원,1.0
4,서홍정원,4.0
7,서홍정원,4.0
8,서홍정원,5.0
9,서홍정원,5.0
2,위더스트래블,4.0
8,위더스트래블,5.0
2,카페901,4.0
4,카페901,5.0
10,카페901,4.0
5,카페코지,2.0
6,카페코지,4.0
7,카페코지,1.0
1,오늘은,5.0
5,오늘은,4.0
6,오늘은,2.0
7,오늘은,4.0
1,도렐베이커스,3.0
3,도렐베이커스,1.0
5,도렐베이커스,2.0
6,도렐베이커스,5.0
9,도렐베이커스,3.0
10,도렐베이커스,5.0
1,제주스,4.0
2,제주스,2.0
3,제주스,4.0
4,제주스,4.0
6,제주스,5.0
8,제주스,1.0
9,제주스,4.0
4,크림,4.0
6,크림,4.0
10,크림,2.0
1,온더스톤,4.0
4,온더스톤,4.0
5,온더스톤,3.0
7,온더스톤,3.0
8,온더스톤,2.0
10,온더스톤,5.0
3,비브레이브,3.0
7,비브레이브,5.0
8,비브레이브,3.0
9,비브레이브,5.0
1,새들러하우스,4.0
3,새들러하우스,4.0
5,새들러하우스,3.0
8,새들러하우스,5.0
9,새들러하우스,5.0
10,새들러하우스,2.0
2,버터모닝,2.0
3,버터모닝,1.0
4,버터모닝,3.0
6,버터모닝,2.0
7,버터모닝,4.0
9,버터모닝,2.0
1,너는파라다이스길리,5.0
6,너는파라다이스길리,1.0
7,너는파라다이스길리,3.0
8,너는파라다이스길리,5.0
1,지미스,5.0
4,지미스,4.0
5,지미스,5.0
7,지미스,2.0
8,지미스,2.0
9,지미스,5.0
1,새빌카페,1.0
5,새빌카페,5.0
7,새빌카페,2.0
10,새빌카페,3.0
1,만월당,1.0
3,만월당,3.0
5,만월당,5.0
7,만월당,4.0
8,만월당,2.0
10,만월당,5.0
1,닻,3.0
4,닻,3.0
5,닻,5.0
6,닻,1.0
9,닻,1.0
10,닻,2.0
5,제주약수터,1.0
6,제주약수터,2.0
8,제주약수터,2.0
1,제주약수터,5.0
2,제주약수터,3.0
9,제주약수터,2.0
1,제주맥주,1.0
2,제주맥주,3.0
3,제주맥주,5.0
4,제주맥주,3.0
6,제주맥주,2.0
9,제주맥주,5.0
5,신설오름포장마차,1.0
6,신설오름포장마차,5.0
9,신설오름포장마차,4.0
10,신설오름포장마차,5.0
3,블루버드,3.0
4,블루버드,4.0
5,블루버드,5.0
7,블루버드,1.0
9,블루버드,4.0
1,맥파이 브루어리,3.0
5,맥파이 브루어리,4.0
6,맥파이 브루어리,1.0
7,맥파이 브루어리,1.0
1,옐로우돕,5.0
2,옐로우돕,4.0
4,옐로우돕,2.0
5,옐로우돕,3.0
7,옐로우돕,4.0
8,옐로우돕,5.0
9,옐로우돕,4.0
5,스피닝울프,2.0
6,스피닝울프,3.0
9,스피닝울프,3.0
10,스피닝울프,1.0
4,올댓제주,4.0
5,올댓제주,3.0
7,올댓제주,2.0
9,올댓제주,1.0
1,사우스바운더,2.0
2,사우스바운더,5.0
3,사우스바운더,5.0
7,사우스바운더,2.0
1,싱싱잇,2.0
2,싱싱잇,1.0
3,싱싱잇,1.0
4,싱싱잇,3.0
7,싱싱잇,2.0
8,싱싱잇,4.0
3,자매아지트,3.0
4,자매아지트,1.0
5,자매아지트,1.0
6,자매아지트,5.0
8,자매아지트,3.0
9,자매아지트,4.0
1,넘은 봄,4.0
4,넘은 봄,2.0
5,넘은 봄,4.0
6,넘은 봄,5.0
8,넘은 봄,2.0
9,넘은 봄,3.0
3,위트레이즌,3.0
6,위트레이즌,4.0
9,위트레이즌,3.0
1,포차,2.0
8,포차,4.0
9,포차,4.0
10,포차,4.0
1,혹시,2.0
2,혹시,1.0
3,혹시,1.0
4,혹시,5.0
5,혹시,2.0
9,혹시,3.0
1,바타타식탁,2.0
3,바타타식탁,4.0
6,바타타식탁,3.0
8,바타타식탁,3.0
9,바타타식탁,3.0
2,두모토랑,4.0
3,두모토랑,3.0
4,두모토랑,5.0
5,두모토랑,3.0
7,두모토랑,4.0
8,두모토랑,3.0
10,두모토랑,2.0
1,머뭄,4.0
2,머뭄,5.0
4,머뭄,1.0
5,머뭄,5.0
6,머뭄,4.0
10,머뭄,2.0
1,협재1번가술집밥집,4.0
3,협재1번가술집밥집,5.0
4,협재1번가술집밥집,3.0
7,협재1번가술집밥집,4.0
9,협재1번가술집밥집,4.0
3,톡순,4.0
4,톡순,3.0
5,톡순,2.0
9,톡순,3.0
2,카페브루클린,3.0
5,카페브루클린,4.0
6,카페브루클린,1.0
7,카페브루클린,2.0
8,카페브루클린,3.0
10,카페브루클린,2.0
9,브리즈온,2.0
1,유행회실내포차,4.0
3,유행회실내포차,2.0
6,유행회실내포차,4.0
7,유행회실내포차,5.0
8,유행회실내포차,4.0
9,유행회실내포차,1.0
10,유행회실내포차,5.0
2,달사막,3.0
5,달사막,4.0
6,달사막,2.0
9,달사막,1.0
10,달사막,5.0
6,그로라운지,2.0
10,그로라운지,1.0
1,문희,2.0
10,문희,4.0
1,제스피맥주,2.0
2,제스피맥주,3.0
5,제스피맥주,1.0
7,제스피맥주,1.0
9,제스피맥주,1.0
2,마틸다,2.0
3,마틸다,5.0
4,마틸다,5.0
5,마틸다,1.0
6,마틸다,3.0
10,마틸다,1.0
2,백록집,4.0
3,백록집,2.0
7,백록집,5.0
8,백록집,4.0
9,백록집,4.0
1,사이통닭,3.0
2,사이통닭,2.0
3,사이통닭,4.0
4,사이통닭,2.0
5,사이통닭,2.0
6,사이통닭,4.0
7,사이통닭,3.0
9,사이통닭,3.0
10,사이통닭,3.0
1,사우스캘리,4.0
4,사우스캘리,4.0
9,사우스캘리,3.0
1,사부작,2.0
3,사부작,1.0
4,사부작,2.0
6,사부작,4.0
4,더비치하우스,4.0
7,더비치하우스,5.0
8,더비치하우스,3.0
2,찰스앤바비,4.0
3,찰스앤바비,4.0
4,찰스앤바비,2.0
5,찰스앤바비,2.0
6,찰스앤바비,4.0
9,찰스앤바비,2.0
10,찰스앤바비,2.0
2,괸당포차,5.0
3,괸당포차,4.0
5,괸당포차,4.0
6,괸당포차,3.0
7,괸당포차,2.0
9,괸당포차,2.0
1,할라라운지,4.0
2,할라라운지,5.0
3,할라라운지,3.0
8,할라라운지,1.0
9,할라라운지,3.0
10,할라라운지,1.0
1,함덕스487,3.0
3,함덕스487,1.0
4,함덕스487,4.0
6,함덕스487,2.0
7,함덕스487,4.0
1,김민섭에쓰점에쓰,3.0
3,김민섭에쓰점에쓰,4.0
5,김민섭에쓰점에쓰,3.0
7,김민섭에쓰점에쓰,5.0
8,김민섭에쓰점에쓰,1.0
1,드링콩,1.0
2,드링콩,5.0
7,드링콩,5.0
9,드링콩,3.0
10,드링콩,4.0
3,비스트로7,2.0
6,비스트로7,1.0
9,비스트로7,5.0
2,다랑쉬,3.0
3,다랑쉬,3.0
5,다랑쉬,2.0
6,다랑쉬,5.0
9,다랑쉬,4.0
10,다랑쉬,1.0
7,펍 배솔트블루,1.0
8,펍 배솔트블루,5.0
9,펍 배솔트블루,3.0
10,펍 배솔트블루,3.0
3,일도가공,5.0
5,일도가공,5.0
7,일도가공,1.0
8,일도가공,4.0
9,일도가공,4.0
1,번지없는주막,3.0
4,번지없는주막,2.0
5,번지없는주막,1.0
6,번지없는주막,1.0
8,번지없는주막,3.0
9,번지없는주막,3.0
10,번지없는주막,2.0
4,세화마구간,5.0
7,세화마구간,4.0
1,정글북 바이앨리스,5.0
2,정글북 바이앨리스,1.0
3,정글북 바이앨리스,5.0
4,정글북 바이앨리스,3.0
5,정글북 바이앨리스,5.0
10,정글북 바이앨리스,3.0
2,카페해온,2.0
3,카페해온,3.0
4,카페해온,4.0
2,온에어,3.0
6,온에어,4.0
7,온에어,4.0
8,온에어,1.0
9,온에어,3.0
10,온에어,2.0
1,라운지38,3.0
3,라운지38,2.0
4,라운지38,4.0
6,라운지38,3.0
7,라운지38,5.0
8,라운지38,4.0
10,라운지38,2.0
1,홀스버드,2.0
4,홀스버드,5.0
7,홀스버드,5.0
8,홀스버드,5.0
2,머구리해물포차,3.0
3,머구리해물포차,2.0
9,머구리해물포차,1.0
2,목수포차,3.0
3,목수포차,5.0
4,목수포차,4.0
5,목수포차,2.0
6,목수포차,3.0
8,목수포차,1.0
9,목수포차,2.0
10,목수포차,4.0
1,탭룸3029,1.0
4,탭룸3029,2.0
5,탭룸3029,3.0
6,탭룸3029,1.0
9,탭룸3029,5.0
4,주야진,1.0
5,주야진,2.0
6,주야진,2.0
8,주야진,5.0
9,주야진,3.0
3,숲숲 포 레스트,2.0
4,숲숲 포 레스트,5.0
6,숲숲 포 레스트,3.0
7,숲숲 포 레스트,2.0
10,숲숲 포 레스트,1.0
1,모살,3.0
3,모살,2.0
4,모살,4.0
7,모살,1.0
8,모살,3.0
9,모살,4.0
2,곱다락,5.0
4,곱다락,5.0
5,곱다락,2.0
7,곱다락,4.0
2,제주나누기,1.0
3,제주나누기,2.0
7,제주나누기,3.0
9,제주나누기,1.0
10,제주나누기,4.0
3,샨티,3.0
4,샨티,4.0
5,샨티,3.0
8,샨티,5.0
9,샨티,2.0
1,제주우드펍,1.0
5,제주우드펍,2.0
6,제주우드펍,4.0
8,제주우드펍,2.0
10,제주우드펍,2.0
4,이로운술상,3.0
7,이로운술상,5.0
8,이로운술상,4.0
9,이로운술상,1.0
1,빨간집,5.0
2,빨간집,5.0
5,빨간집,1.0
6,빨간집,3.0
9,빨간집,5.0
10,빨간집,4.0
1,바이브230,2.0
2,바이브230,3.0
3,바이브230,4.0
5,바이브230,5.0
7,바이브230,1.0
8,바이브230,1.0
2,나도섬이다,3.0
4,나도섬이다,4.0
5,나도섬이다,5.0
6,나도섬이다,5.0
7,나도섬이다,2.0
8,나도섬이다,5.0
1,썬셋비치,1.0
2,썬셋비치,3.0
6,썬셋비치,1.0
8,썬셋비치,3.0
9,썬셋비치,1.0
10,썬셋비치,5.0
2,제주바다다,4.0
4,제주바다다,5.0
5,제주바다다,1.0
8,제주바다다,1.0
1,주민상회,1.0
2,주민상회,3.0
3,주민상회,3.0
4,주민상회,4.0
6,주민상회,2.0
8,주민상회,1.0
2,번개포차,3.0
3,번개포차,2.0
4,번개포차,5.0
5,번개포차,5.0
9,번개포차,2.0
1,땡큐소주방,2.0
5,땡큐소주방,1.0
7,땡큐소주방,2.0
1,멜맥집,3.0
2,멜맥집,1.0
3,멜맥집,3.0
4,멜맥집,3.0
5,멜맥집,5.0
9,멜맥집,2.0
1,중립,4.0
3,중립,2.0
4,중립,3.0
5,중립,3.0
7,중립,5.0
8,중립,5.0
10,중립,3.0
4,온평,4.0
5,온평,5.0
6,온평,1.0
9,온평,3.0
1,프리즌,3.0
5,프리즌,2.0
6,프리즌,2.0
7,프리즌,2.0
9,프리즌,4.0
10,프리즌,1.0
1,옛날옛적에,1.0
4,옛날옛적에,1.0
5,옛날옛적에,3.0
7,옛날옛적에,5.0
9,옛날옛적에,1.0
2,남문 숯불바베큐 & 치킨,5.0
6,남문 숯불바베큐 & 치킨,2.0
7,남문 숯불바베큐 & 치킨,1.0
8,남문 숯불바베큐 & 치킨,4.0
10,남문 숯불바베큐 & 치킨,5.0
1,더팩토리,5.0
5,더팩토리,3.0
9,더팩토리,1.0
8,블랙바,5.0
10,블랙바,1.0
1,파라디스코,4.0
2,파라디스코,4.0
4,파라디스코,1.0
5,파라디스코,3.0
8,파라디스코,4.0
9,파라디스코,2.0
3,고추잡채와소파,2.0
4,고추잡채와소파,4.0
7,고추잡채와소파,4.0
9,고추잡채와소파,1.0
10,고추잡채와소파,2.0
1,봉구비어,5.0
3,봉구비어,1.0
6,봉구비어,4.0
7,봉구비어,1.0
8,봉구비어,4.0
2,협재술시,2.0
4,협재술시,1.0
7,협재술시,4.0
8,협재술시,4.0
9,협재술시,3.0
3,통나무집,2.0
5,통나무집,3.0
7,통나무집,3.0
4,밤도깨비,2.0
7,밤도깨비,5.0
10,밤도깨비,3.0
2,새마을주점,4.0
3,새마을주점,4.0
5,새마을주점,3.0
6,새마을주점,4.0
7,새마을주점,2.0
10,새마을주점,4.0
1,What The H,3.0
2,What The H,3.0
3,What The H,3.0
6,What The H,3.0
7,What The H,2.0
8,What The H,2.0
9,What The H,3.0
3,할라산,3.0
5,할라산,2.0
6,할라산,4.0
7,할라산,5.0
8,할라산,3.0
1,프레드허쉬,1.0
2,프레드허쉬,1.0
3,프레드허쉬,5.0
4,프레드허쉬,1.0
7,프레드허쉬,2.0
9,프레드허쉬,1.0
1,20세기소년,2.0
3,20세기소년,1.0
5,20세기소년,5.0
6,20세기소년,5.0
7,20세기소년,1.0
8,20세기소년,2.0
9,20세기소년,4.0
10,20세기소년,2.0
1,꼼보포차,3.0
5,꼼보포차,4.0
6,꼼보포차,3.0
7,꼼보포차,3.0
9,꼼보포차,5.0
10,꼼보포차,2.0
5,기영상회,3.0
6,기영상회,5.0
7,기영상회,1.0
10,기영상회,5.0
2,주점부리,2.0
9,주점부리,5.0
1,페퍼로니비어,2.0
2,페퍼로니비어,2.0
4,페퍼로니비어,5.0
5,페퍼로니비어,2.0
10,페퍼로니비어,4.0
4,1943,4.0
5,1943,4.0
6,1943,4.0
8,1943,5.0
10,1943,5.0
2,전일맥주,1.0
3,전일맥주,4.0
4,전일맥주,1.0
1,수월,3.0
3,수월,5.0
6,수월,2.0
8,수월,3.0
1,정대,3.0
2,정대,4.0
4,정대,1.0
7,정대,4.0
6,라비타,2.0
8,라비타,2.0
9,라비타,4.0
6,원님네포장마차,3.0
8,원님네포장마차,3.0
9,원님네포장마차,3.0
10,원님네포장마차,2.0
11,솔지식당,1.0
11,애월식탁 수제버거,2.0
11,낭뜰에쉼팡,3.0
11,바그다드,4.0
11,닻,5.0
11,미영이네식당,3.0
11,오드랑베이커리,3.0
11,밀리우,3.0
11,쇼린마라탕 오리목전문점,3.0
11,종종캐주얼다이닝앤카페,1.0
11,한라산아래첫마을영농조합법인,2.0
11,남문 숯불바베큐 & 치킨,2.0
